[{"date": "2023-04-20", "project_count": 323, "fuzzer_count": 1674, "function_count": 793418, "function_coverage_estimate": 14995.0, "accummulated_lines_total": 13921904, "accummulated_lines_covered": 3934842}, {"date": "2023-04-21", "project_count": 321, "fuzzer_count": 1695, "function_count": 756034, "function_coverage_estimate": 15116.0, "accummulated_lines_total": 13861280, "accummulated_lines_covered": 3945707}, {"date": "2023-04-22", "project_count": 317, "fuzzer_count": 1696, "function_count": 792660, "function_coverage_estimate": 14825.0, "accummulated_lines_total": 14235156, "accummulated_lines_covered": 3990619}, {"date": "2023-04-23", "project_count": 322, "fuzzer_count": 1701, "function_count": 792852, "function_coverage_estimate": 15022.0, "accummulated_lines_total": 14240888, "accummulated_lines_covered": 3992139}, {"date": "2023-04-24", "project_count": 314, "fuzzer_count": 1556, "function_count": 778072, "function_coverage_estimate": 14726.0, "accummulated_lines_total": 11626553, "accummulated_lines_covered": 3647911}, {"date": "2023-04-25", "project_count": 318, "fuzzer_count": 1637, "function_count": 774196, "function_coverage_estimate": 14991.0, "accummulated_lines_total": 13604578, "accummulated_lines_covered": 3864276}, {"date": "2023-04-26", "project_count": 300, "fuzzer_count": 1559, "function_count": 745273, "function_coverage_estimate": 14235.0, "accummulated_lines_total": 12667260, "accummulated_lines_covered": 3555412}, {"date": "2023-04-27", "project_count": 322, "fuzzer_count": 1671, "function_count": 774765, "function_coverage_estimate": 15206.0, "accummulated_lines_total": 13981851, "accummulated_lines_covered": 3944887}, {"date": "2023-04-28", "project_count": 323, "fuzzer_count": 1678, "function_count": 797698, "function_coverage_estimate": 14448.0, "accummulated_lines_total": 13972278, "accummulated_lines_covered": 3953403}, {"date": "2023-04-29", "project_count": 323, "fuzzer_count": 1684, "function_count": 799219, "function_coverage_estimate": 14417.0, "accummulated_lines_total": 14021845, "accummulated_lines_covered": 3985576}, {"date": "2023-04-30", "project_count": 323, "fuzzer_count": 1680, "function_count": 784545, "function_coverage_estimate": 14497.0, "accummulated_lines_total": 13831691, "accummulated_lines_covered": 3936975}, {"date": "2023-05-01", "project_count": 323, "fuzzer_count": 1680, "function_count": 799480, "function_coverage_estimate": 14385.0, "accummulated_lines_total": 13934221, "accummulated_lines_covered": 3959078}, {"date": "2023-05-02", "project_count": 325, "fuzzer_count": 1659, "function_count": 801046, "function_coverage_estimate": 14649.0, "accummulated_lines_total": 13840017, "accummulated_lines_covered": 3953674}, {"date": "2023-05-03", "project_count": 325, "fuzzer_count": 1688, "function_count": 810359, "function_coverage_estimate": 14448.0, "accummulated_lines_total": 14153635, "accummulated_lines_covered": 4008009}, {"date": "2023-05-04", "project_count": 540, "fuzzer_count": 2026, "function_count": 965682, "function_coverage_estimate": 21283.0, "accummulated_lines_total": 16095879, "accummulated_lines_covered": 4709985}, {"date": "2023-05-05", "project_count": 533, "fuzzer_count": 1977, "function_count": 961807, "function_coverage_estimate": 20802.0, "accummulated_lines_total": 15852862, "accummulated_lines_covered": 4622200}, {"date": "2023-05-06", "project_count": 538, "fuzzer_count": 2038, "function_count": 959381, "function_coverage_estimate": 21365.0, "accummulated_lines_total": 15923670, "accummulated_lines_covered": 4706244}, {"date": "2023-05-07", "project_count": 533, "fuzzer_count": 1889, "function_count": 951002, "function_coverage_estimate": 21044.0, "accummulated_lines_total": 13336765, "accummulated_lines_covered": 4218992}, {"date": "2023-05-08", "project_count": 537, "fuzzer_count": 2020, "function_count": 973501, "function_coverage_estimate": 21012.0, "accummulated_lines_total": 16072105, "accummulated_lines_covered": 4681999}, {"date": "2023-05-09", "project_count": 535, "fuzzer_count": 2008, "function_count": 965221, "function_coverage_estimate": 20914.0, "accummulated_lines_total": 15996032, "accummulated_lines_covered": 4638710}, {"date": "2023-05-10", "project_count": 544, "fuzzer_count": 2036, "function_count": 984172, "function_coverage_estimate": 21382.0, "accummulated_lines_total": 16217237, "accummulated_lines_covered": 4739641}, {"date": "2023-05-11", "project_count": 529, "fuzzer_count": 2038, "function_count": 938622, "function_coverage_estimate": 20705.0, "accummulated_lines_total": 15308462, "accummulated_lines_covered": 4491759}, {"date": "2023-05-12", "project_count": 535, "fuzzer_count": 2023, "function_count": 952427, "function_coverage_estimate": 20954.0, "accummulated_lines_total": 15988816, "accummulated_lines_covered": 4643166}, {"date": "2023-05-13", "project_count": 552, "fuzzer_count": 2056, "function_count": 972675, "function_coverage_estimate": 21531.0, "accummulated_lines_total": 16062710, "accummulated_lines_covered": 4644347}, {"date": "2023-05-14", "project_count": 554, "fuzzer_count": 2068, "function_count": 979677, "function_coverage_estimate": 21706.0, "accummulated_lines_total": 16297592, "accummulated_lines_covered": 4789432}, {"date": "2023-05-15", "project_count": 554, "fuzzer_count": 1958, "function_count": 972117, "function_coverage_estimate": 21803.0, "accummulated_lines_total": 13912138, "accummulated_lines_covered": 4361947}, {"date": "2023-05-16", "project_count": 525, "fuzzer_count": 1959, "function_count": 929131, "function_coverage_estimate": 20517.0, "accummulated_lines_total": 15540643, "accummulated_lines_covered": 4513011}, {"date": "2023-05-17", "project_count": 511, "fuzzer_count": 1839, "function_count": 839200, "function_coverage_estimate": 20214.0, "accummulated_lines_total": 13957254, "accummulated_lines_covered": 4214115}, {"date": "2023-05-18", "project_count": 539, "fuzzer_count": 2040, "function_count": 960900, "function_coverage_estimate": 21146.0, "accummulated_lines_total": 16246238, "accummulated_lines_covered": 4722188}, {"date": "2023-05-19", "project_count": 556, "fuzzer_count": 2077, "function_count": 988449, "function_coverage_estimate": 21800.0, "accummulated_lines_total": 16552518, "accummulated_lines_covered": 4874375}, {"date": "2023-05-20", "project_count": 555, "fuzzer_count": 2073, "function_count": 996109, "function_coverage_estimate": 21689.0, "accummulated_lines_total": 16536752, "accummulated_lines_covered": 4783272}, {"date": "2023-05-21", "project_count": 557, "fuzzer_count": 2085, "function_count": 1005329, "function_coverage_estimate": 21661.0, "accummulated_lines_total": 16519980, "accummulated_lines_covered": 4792054}, {"date": "2023-05-22", "project_count": 556, "fuzzer_count": 2047, "function_count": 981912, "function_coverage_estimate": 21640.0, "accummulated_lines_total": 16488744, "accummulated_lines_covered": 4760629}, {"date": "2023-05-23", "project_count": 555, "fuzzer_count": 2064, "function_count": 990712, "function_coverage_estimate": 21685.0, "accummulated_lines_total": 16478878, "accummulated_lines_covered": 4771640}, {"date": "2023-05-24", "project_count": 546, "fuzzer_count": 2057, "function_count": 970863, "function_coverage_estimate": 21259.0, "accummulated_lines_total": 16193778, "accummulated_lines_covered": 4717232}, {"date": "2023-05-25", "project_count": 550, "fuzzer_count": 2075, "function_count": 957489, "function_coverage_estimate": 21674.0, "accummulated_lines_total": 16342932, "accummulated_lines_covered": 4765081}, {"date": "2023-05-26", "project_count": 547, "fuzzer_count": 2085, "function_count": 960775, "function_coverage_estimate": 21604.0, "accummulated_lines_total": 16352340, "accummulated_lines_covered": 4788210}, {"date": "2023-05-27", "project_count": 556, "fuzzer_count": 2079, "function_count": 970931, "function_coverage_estimate": 21990.0, "accummulated_lines_total": 16469115, "accummulated_lines_covered": 4844511}, {"date": "2023-05-28", "project_count": 551, "fuzzer_count": 2070, "function_count": 959070, "function_coverage_estimate": 21754.0, "accummulated_lines_total": 16426594, "accummulated_lines_covered": 4837981}, {"date": "2023-05-29", "project_count": 562, "fuzzer_count": 2138, "function_count": 976020, "function_coverage_estimate": 22045.0, "accummulated_lines_total": 16573499, "accummulated_lines_covered": 4865398}, {"date": "2023-05-30", "project_count": 558, "fuzzer_count": 2091, "function_count": 941012, "function_coverage_estimate": 22106.0, "accummulated_lines_total": 16036623, "accummulated_lines_covered": 4770184}, {"date": "2023-05-31", "project_count": 560, "fuzzer_count": 2104, "function_count": 961825, "function_coverage_estimate": 22161.0, "accummulated_lines_total": 16626291, "accummulated_lines_covered": 4858189}, {"date": "2023-06-01", "project_count": 564, "fuzzer_count": 2086, "function_count": 956612, "function_coverage_estimate": 22370.0, "accummulated_lines_total": 16343166, "accummulated_lines_covered": 4756720}, {"date": "2023-06-02", "project_count": 564, "fuzzer_count": 1995, "function_count": 957565, "function_coverage_estimate": 22510.0, "accummulated_lines_total": 13874388, "accummulated_lines_covered": 4339614}, {"date": "2023-06-03", "project_count": 564, "fuzzer_count": 2081, "function_count": 969282, "function_coverage_estimate": 22459.0, "accummulated_lines_total": 16591353, "accummulated_lines_covered": 4881078}, {"date": "2023-06-04", "project_count": 567, "fuzzer_count": 2123, "function_count": 985955, "function_coverage_estimate": 22554.0, "accummulated_lines_total": 16833638, "accummulated_lines_covered": 4990981}, {"date": "2023-06-05", "project_count": 566, "fuzzer_count": 2114, "function_count": 992089, "function_coverage_estimate": 22266.0, "accummulated_lines_total": 16797899, "accummulated_lines_covered": 4919371}, {"date": "2023-06-06", "project_count": 561, "fuzzer_count": 2057, "function_count": 964051, "function_coverage_estimate": 22250.0, "accummulated_lines_total": 16754349, "accummulated_lines_covered": 4874299}, {"date": "2023-06-07", "project_count": 561, "fuzzer_count": 2106, "function_count": 960365, "function_coverage_estimate": 22415.0, "accummulated_lines_total": 16885410, "accummulated_lines_covered": 4926239}, {"date": "2023-06-08", "project_count": 563, "fuzzer_count": 2116, "function_count": 976835, "function_coverage_estimate": 22306.0, "accummulated_lines_total": 17191812, "accummulated_lines_covered": 4986297}, {"date": "2023-06-09", "project_count": 569, "fuzzer_count": 2142, "function_count": 983805, "function_coverage_estimate": 22767.0, "accummulated_lines_total": 17241237, "accummulated_lines_covered": 5008210}, {"date": "2023-06-10", "project_count": 570, "fuzzer_count": 2098, "function_count": 965014, "function_coverage_estimate": 22817.0, "accummulated_lines_total": 16597760, "accummulated_lines_covered": 4796062}, {"date": "2023-06-11", "project_count": 569, "fuzzer_count": 2120, "function_count": 974836, "function_coverage_estimate": 22780.0, "accummulated_lines_total": 17158192, "accummulated_lines_covered": 4985764}, {"date": "2023-06-12", "project_count": 568, "fuzzer_count": 2133, "function_count": 974386, "function_coverage_estimate": 22809.0, "accummulated_lines_total": 17049326, "accummulated_lines_covered": 4953302}, {"date": "2023-06-13", "project_count": 560, "fuzzer_count": 2094, "function_count": 948637, "function_coverage_estimate": 22583.0, "accummulated_lines_total": 16784601, "accummulated_lines_covered": 4920967}, {"date": "2023-06-14", "project_count": 885, "fuzzer_count": 4719, "function_count": 962235, "function_coverage_estimate": 22540.0, "accummulated_lines_total": 52781179, "accummulated_lines_covered": 14070870}, {"date": "2023-06-15", "project_count": 888, "fuzzer_count": 4733, "function_count": 982893, "function_coverage_estimate": 22487.0, "accummulated_lines_total": 52993157, "accummulated_lines_covered": 14123290}, {"date": "2023-06-16", "project_count": 878, "fuzzer_count": 4658, "function_count": 978942, "function_coverage_estimate": 22454.0, "accummulated_lines_total": 51374103, "accummulated_lines_covered": 13365778}, {"date": "2023-06-17", "project_count": 878, "fuzzer_count": 4430, "function_count": 978660, "function_coverage_estimate": 22590.0, "accummulated_lines_total": 46998394, "accummulated_lines_covered": 13271084}, {"date": "2023-06-18", "project_count": 877, "fuzzer_count": 4671, "function_count": 981960, "function_coverage_estimate": 22200.0, "accummulated_lines_total": 51949065, "accummulated_lines_covered": 13698959}, {"date": "2023-06-19", "project_count": 881, "fuzzer_count": 4664, "function_count": 982064, "function_coverage_estimate": 22440.0, "accummulated_lines_total": 51663491, "accummulated_lines_covered": 13401452}, {"date": "2023-06-20", "project_count": 872, "fuzzer_count": 4646, "function_count": 957173, "function_coverage_estimate": 22437.0, "accummulated_lines_total": 51539831, "accummulated_lines_covered": 13434027}, {"date": "2023-06-21", "project_count": 875, "fuzzer_count": 4611, "function_count": 959909, "function_coverage_estimate": 22254.0, "accummulated_lines_total": 48068173, "accummulated_lines_covered": 12780914}, {"date": "2023-06-22", "project_count": 872, "fuzzer_count": 4556, "function_count": 952121, "function_coverage_estimate": 22013.0, "accummulated_lines_total": 48235828, "accummulated_lines_covered": 12738251}, {"date": "2023-06-23", "project_count": 872, "fuzzer_count": 4637, "function_count": 961551, "function_coverage_estimate": 22277.0, "accummulated_lines_total": 50597598, "accummulated_lines_covered": 13159961}, {"date": "2023-06-24", "project_count": 874, "fuzzer_count": 4630, "function_count": 975671, "function_coverage_estimate": 22443.0, "accummulated_lines_total": 47465305, "accummulated_lines_covered": 12526472}, {"date": "2023-06-25", "project_count": 887, "fuzzer_count": 4709, "function_count": 975158, "function_coverage_estimate": 22491.0, "accummulated_lines_total": 52241435, "accummulated_lines_covered": 13702412}, {"date": "2023-06-26", "project_count": 883, "fuzzer_count": 4625, "function_count": 980041, "function_coverage_estimate": 22793.0, "accummulated_lines_total": 47665671, "accummulated_lines_covered": 13395781}, {"date": "2023-06-27", "project_count": 880, "fuzzer_count": 4682, "function_count": 917111, "function_coverage_estimate": 20774.0, "accummulated_lines_total": 48733669, "accummulated_lines_covered": 11839956}, {"date": "2023-06-28", "project_count": 881, "fuzzer_count": 4685, "function_count": 912058, "function_coverage_estimate": 20780.0, "accummulated_lines_total": 49849871, "accummulated_lines_covered": 12209507}, {"date": "2023-06-29", "project_count": 867, "fuzzer_count": 4569, "function_count": 902204, "function_coverage_estimate": 20404.0, "accummulated_lines_total": 45973569, "accummulated_lines_covered": 12967061}, {"date": "2023-06-30", "project_count": 873, "fuzzer_count": 4672, "function_count": 1098608, "function_coverage_estimate": 20994.0, "accummulated_lines_total": 47928960, "accummulated_lines_covered": 13555614}, {"date": "2023-07-01", "project_count": 871, "fuzzer_count": 4439, "function_count": 1091708, "function_coverage_estimate": 20812.0, "accummulated_lines_total": 45205122, "accummulated_lines_covered": 13073506}, {"date": "2023-07-02", "project_count": 871, "fuzzer_count": 4524, "function_count": 1088259, "function_coverage_estimate": 20977.0, "accummulated_lines_total": 47260782, "accummulated_lines_covered": 13374417}, {"date": "2023-07-03", "project_count": 871, "fuzzer_count": 4507, "function_count": 1102020, "function_coverage_estimate": 20774.0, "accummulated_lines_total": 47190501, "accummulated_lines_covered": 13405028}, {"date": "2023-07-04", "project_count": 873, "fuzzer_count": 4479, "function_count": 1099227, "function_coverage_estimate": 21164.0, "accummulated_lines_total": 40624700, "accummulated_lines_covered": 11117581}, {"date": "2023-07-05", "project_count": 874, "fuzzer_count": 4508, "function_count": 1096346, "function_coverage_estimate": 21013.0, "accummulated_lines_total": 46397551, "accummulated_lines_covered": 12979084}, {"date": "2023-07-06", "project_count": 877, "fuzzer_count": 4576, "function_count": 1106179, "function_coverage_estimate": 20891.0, "accummulated_lines_total": 48476733, "accummulated_lines_covered": 13568688}, {"date": "2023-07-07", "project_count": 873, "fuzzer_count": 4621, "function_count": 1170595, "function_coverage_estimate": 22566.0, "accummulated_lines_total": 49073209, "accummulated_lines_covered": 13826797}, {"date": "2023-07-08", "project_count": 868, "fuzzer_count": 4674, "function_count": 1164438, "function_coverage_estimate": 22524.0, "accummulated_lines_total": 53155067, "accummulated_lines_covered": 13839653}, {"date": "2023-07-09", "project_count": 874, "fuzzer_count": 4790, "function_count": 1117767, "function_coverage_estimate": 22707.0, "accummulated_lines_total": 49662829, "accummulated_lines_covered": 13939978}, {"date": "2023-07-10", "project_count": 877, "fuzzer_count": 4840, "function_count": 1157319, "function_coverage_estimate": 22634.0, "accummulated_lines_total": 53803873, "accummulated_lines_covered": 14053022}, {"date": "2023-07-11", "project_count": 875, "fuzzer_count": 4598, "function_count": 1144586, "function_coverage_estimate": 22557.0, "accummulated_lines_total": 51038279, "accummulated_lines_covered": 13215156}, {"date": "2023-07-12", "project_count": 875, "fuzzer_count": 4757, "function_count": 1147445, "function_coverage_estimate": 22380.0, "accummulated_lines_total": 47732521, "accummulated_lines_covered": 13552545}, {"date": "2023-07-13", "project_count": 885, "fuzzer_count": 4772, "function_count": 1170283, "function_coverage_estimate": 23035.0, "accummulated_lines_total": 48135996, "accummulated_lines_covered": 13660765}, {"date": "2023-07-14", "project_count": 883, "fuzzer_count": 4746, "function_count": 1196844, "function_coverage_estimate": 22840.0, "accummulated_lines_total": 48308350, "accummulated_lines_covered": 13690230}, {"date": "2023-07-15", "project_count": 880, "fuzzer_count": 4717, "function_count": 1199996, "function_coverage_estimate": 22847.0, "accummulated_lines_total": 48077986, "accummulated_lines_covered": 13695669}, {"date": "2023-07-16", "project_count": 887, "fuzzer_count": 4744, "function_count": 1172829, "function_coverage_estimate": 23091.0, "accummulated_lines_total": 48241193, "accummulated_lines_covered": 13734254}, {"date": "2023-07-17", "project_count": 886, "fuzzer_count": 4748, "function_count": 1189875, "function_coverage_estimate": 22955.0, "accummulated_lines_total": 48466888, "accummulated_lines_covered": 13791905}, {"date": "2023-07-18", "project_count": 888, "fuzzer_count": 4796, "function_count": 1211257, "function_coverage_estimate": 22967.0, "accummulated_lines_total": 53246788, "accummulated_lines_covered": 14160123}, {"date": "2023-07-19", "project_count": 905, "fuzzer_count": 4853, "function_count": 1185567, "function_coverage_estimate": 23337.0, "accummulated_lines_total": 49757610, "accummulated_lines_covered": 14187625}, {"date": "2023-07-20", "project_count": 907, "fuzzer_count": 4938, "function_count": 1192597, "function_coverage_estimate": 23460.0, "accummulated_lines_total": 51441504, "accummulated_lines_covered": 14603431}, {"date": "2023-07-21", "project_count": 898, "fuzzer_count": 4757, "function_count": 1189176, "function_coverage_estimate": 23278.0, "accummulated_lines_total": 55063263, "accummulated_lines_covered": 14635677}, {"date": "2023-07-22", "project_count": 896, "fuzzer_count": 4709, "function_count": 1185936, "function_coverage_estimate": 23253.0, "accummulated_lines_total": 53483447, "accummulated_lines_covered": 14268785}, {"date": "2023-07-23", "project_count": 901, "fuzzer_count": 4763, "function_count": 1179117, "function_coverage_estimate": 23509.0, "accummulated_lines_total": 54332509, "accummulated_lines_covered": 14446055}, {"date": "2023-07-24", "project_count": 903, "fuzzer_count": 4786, "function_count": 1205471, "function_coverage_estimate": 23433.0, "accummulated_lines_total": 55244736, "accummulated_lines_covered": 14642309}, {"date": "2023-07-25", "project_count": 899, "fuzzer_count": 4767, "function_count": 1188930, "function_coverage_estimate": 23036.0, "accummulated_lines_total": 55246589, "accummulated_lines_covered": 14682260}, {"date": "2023-07-26", "project_count": 903, "fuzzer_count": 4784, "function_count": 1193884, "function_coverage_estimate": 23362.0, "accummulated_lines_total": 55074999, "accummulated_lines_covered": 14644300}, {"date": "2023-07-27", "project_count": 898, "fuzzer_count": 4725, "function_count": 1170417, "function_coverage_estimate": 23128.0, "accummulated_lines_total": 54461857, "accummulated_lines_covered": 14287905}, {"date": "2023-07-28", "project_count": 911, "fuzzer_count": 4797, "function_count": 1205443, "function_coverage_estimate": 23876.0, "accummulated_lines_total": 55447216, "accummulated_lines_covered": 14788403}, {"date": "2023-07-29", "project_count": 908, "fuzzer_count": 4673, "function_count": 1157276, "function_coverage_estimate": 23913.0, "accummulated_lines_total": 53288245, "accummulated_lines_covered": 13868454}, {"date": "2023-07-30", "project_count": 906, "fuzzer_count": 4675, "function_count": 1244898, "function_coverage_estimate": 23729.0, "accummulated_lines_total": 51278310, "accummulated_lines_covered": 14571153}, {"date": "2023-07-31", "project_count": 910, "fuzzer_count": 4741, "function_count": 1207514, "function_coverage_estimate": 23811.0, "accummulated_lines_total": 55458877, "accummulated_lines_covered": 14760072}, {"date": "2023-08-01", "project_count": 905, "fuzzer_count": 4557, "function_count": 1182195, "function_coverage_estimate": 23089.0, "accummulated_lines_total": 69227986, "accummulated_lines_covered": 14075096}, {"date": "2023-08-02", "project_count": 914, "fuzzer_count": 4786, "function_count": 1219696, "function_coverage_estimate": 23543.0, "accummulated_lines_total": 71491805, "accummulated_lines_covered": 14701676}, {"date": "2023-08-03", "project_count": 907, "fuzzer_count": 4694, "function_count": 1193844, "function_coverage_estimate": 23372.0, "accummulated_lines_total": 69154612, "accummulated_lines_covered": 13842263}, {"date": "2023-08-04", "project_count": 913, "fuzzer_count": 4747, "function_count": 1224701, "function_coverage_estimate": 23665.0, "accummulated_lines_total": 67219868, "accummulated_lines_covered": 14439328}, {"date": "2023-08-05", "project_count": 912, "fuzzer_count": 4768, "function_count": 1258016, "function_coverage_estimate": 23526.0, "accummulated_lines_total": 71397382, "accummulated_lines_covered": 14711884}, {"date": "2023-08-06", "project_count": 915, "fuzzer_count": 4773, "function_count": 1244923, "function_coverage_estimate": 23913.0, "accummulated_lines_total": 71372739, "accummulated_lines_covered": 14735803}, {"date": "2023-08-07", "project_count": 910, "fuzzer_count": 4664, "function_count": 1227294, "function_coverage_estimate": 23710.0, "accummulated_lines_total": 67397185, "accummulated_lines_covered": 14612385}, {"date": "2023-08-08", "project_count": 912, "fuzzer_count": 4718, "function_count": 1200019, "function_coverage_estimate": 23745.0, "accummulated_lines_total": 70641144, "accummulated_lines_covered": 14380179}, {"date": "2023-08-09", "project_count": 913, "fuzzer_count": 4702, "function_count": 1209018, "function_coverage_estimate": 23773.0, "accummulated_lines_total": 67509359, "accummulated_lines_covered": 13018766}, {"date": "2023-08-10", "project_count": 927, "fuzzer_count": 4891, "function_count": 1215546, "function_coverage_estimate": 24091.0, "accummulated_lines_total": 72305833, "accummulated_lines_covered": 15002226}, {"date": "2023-08-11", "project_count": 933, "fuzzer_count": 4706, "function_count": 1205316, "function_coverage_estimate": 23742.0, "accummulated_lines_total": 72701860, "accummulated_lines_covered": 14719871}, {"date": "2023-08-12", "project_count": 926, "fuzzer_count": 4697, "function_count": 1220273, "function_coverage_estimate": 23748.0, "accummulated_lines_total": 70631007, "accummulated_lines_covered": 14541564}, {"date": "2023-08-13", "project_count": 933, "fuzzer_count": 4738, "function_count": 1229668, "function_coverage_estimate": 23734.0, "accummulated_lines_total": 68126313, "accummulated_lines_covered": 14747721}, {"date": "2023-08-14", "project_count": 933, "fuzzer_count": 4734, "function_count": 1199050, "function_coverage_estimate": 23841.0, "accummulated_lines_total": 68648729, "accummulated_lines_covered": 14590937}, {"date": "2023-08-15", "project_count": 936, "fuzzer_count": 4676, "function_count": 1183409, "function_coverage_estimate": 23832.0, "accummulated_lines_total": 67929278, "accummulated_lines_covered": 14522541}, {"date": "2023-08-16", "project_count": 936, "fuzzer_count": 4735, "function_count": 1207575, "function_coverage_estimate": 23810.0, "accummulated_lines_total": 70164989, "accummulated_lines_covered": 14610510}, {"date": "2023-08-17", "project_count": 940, "fuzzer_count": 4781, "function_count": 1225310, "function_coverage_estimate": 23816.0, "accummulated_lines_total": 72471252, "accummulated_lines_covered": 14720280}, {"date": "2023-08-18", "project_count": 937, "fuzzer_count": 4689, "function_count": 1187974, "function_coverage_estimate": 24252.0, "accummulated_lines_total": 69386354, "accummulated_lines_covered": 13865173}, {"date": "2023-08-19", "project_count": 935, "fuzzer_count": 4460, "function_count": 1182795, "function_coverage_estimate": 23713.0, "accummulated_lines_total": 69397034, "accummulated_lines_covered": 13873890}, {"date": "2023-08-20", "project_count": 937, "fuzzer_count": 4501, "function_count": 1197801, "function_coverage_estimate": 24083.0, "accummulated_lines_total": 70049947, "accummulated_lines_covered": 13924785}, {"date": "2023-08-21", "project_count": 933, "fuzzer_count": 4418, "function_count": 1220033, "function_coverage_estimate": 24016.0, "accummulated_lines_total": 64992959, "accummulated_lines_covered": 13749524}, {"date": "2023-08-22", "project_count": 930, "fuzzer_count": 4430, "function_count": 1276092, "function_coverage_estimate": 24049.0, "accummulated_lines_total": 66251084, "accummulated_lines_covered": 13594142}, {"date": "2023-08-23", "project_count": 930, "fuzzer_count": 4272, "function_count": 1248002, "function_coverage_estimate": 24068.0, "accummulated_lines_total": 69835726, "accummulated_lines_covered": 13850992}, {"date": "2023-08-24", "project_count": 934, "fuzzer_count": 4665, "function_count": 1290387, "function_coverage_estimate": 23995.0, "accummulated_lines_total": 67789940, "accummulated_lines_covered": 14075650}, {"date": "2023-08-25", "project_count": 936, "fuzzer_count": 4626, "function_count": 1281246, "function_coverage_estimate": 24138.0, "accummulated_lines_total": 67568239, "accummulated_lines_covered": 14057636}, {"date": "2023-08-26", "project_count": 936, "fuzzer_count": 4617, "function_count": 1300052, "function_coverage_estimate": 23956.0, "accummulated_lines_total": 67256701, "accummulated_lines_covered": 13828621}, {"date": "2023-08-27", "project_count": 940, "fuzzer_count": 4649, "function_count": 1274676, "function_coverage_estimate": 23808.0, "accummulated_lines_total": 67484878, "accummulated_lines_covered": 14110302}, {"date": "2023-08-28", "project_count": 931, "fuzzer_count": 4604, "function_count": 1316015, "function_coverage_estimate": 24056.0, "accummulated_lines_total": 67104314, "accummulated_lines_covered": 14197339}, {"date": "2023-08-29", "project_count": 943, "fuzzer_count": 4650, "function_count": 1402185, "function_coverage_estimate": 24219.0, "accummulated_lines_total": 67411751, "accummulated_lines_covered": 14317313}, {"date": "2023-08-30", "project_count": 941, "fuzzer_count": 4685, "function_count": 1422834, "function_coverage_estimate": 24261.0, "accummulated_lines_total": 69495592, "accummulated_lines_covered": 14587237}, {"date": "2023-08-31", "project_count": 943, "fuzzer_count": 4704, "function_count": 1417539, "function_coverage_estimate": 24399.0, "accummulated_lines_total": 69435742, "accummulated_lines_covered": 14707962}, {"date": "2023-09-01", "project_count": 942, "fuzzer_count": 4532, "function_count": 1408920, "function_coverage_estimate": 24424.0, "accummulated_lines_total": 67198759, "accummulated_lines_covered": 14287453}, {"date": "2023-09-02", "project_count": 941, "fuzzer_count": 4614, "function_count": 1436089, "function_coverage_estimate": 24155.0, "accummulated_lines_total": 68829139, "accummulated_lines_covered": 14294136}, {"date": "2023-09-03", "project_count": 941, "fuzzer_count": 4624, "function_count": 1414226, "function_coverage_estimate": 24354.0, "accummulated_lines_total": 68759955, "accummulated_lines_covered": 14326232}, {"date": "2023-09-04", "project_count": 942, "fuzzer_count": 4628, "function_count": 1352523, "function_coverage_estimate": 24319.0, "accummulated_lines_total": 68858132, "accummulated_lines_covered": 14267451}, {"date": "2023-09-05", "project_count": 928, "fuzzer_count": 4578, "function_count": 1292642, "function_coverage_estimate": 23939.0, "accummulated_lines_total": 67605341, "accummulated_lines_covered": 14299855}, {"date": "2023-09-06", "project_count": 941, "fuzzer_count": 4654, "function_count": 1392985, "function_coverage_estimate": 24276.0, "accummulated_lines_total": 68510786, "accummulated_lines_covered": 14568716}, {"date": "2023-09-07", "project_count": 932, "fuzzer_count": 4632, "function_count": 1408252, "function_coverage_estimate": 24119.0, "accummulated_lines_total": 67287190, "accummulated_lines_covered": 14562908}, {"date": "2023-09-08", "project_count": 937, "fuzzer_count": 4636, "function_count": 1431998, "function_coverage_estimate": 24242.0, "accummulated_lines_total": 67377682, "accummulated_lines_covered": 14622835}, {"date": "2023-09-09", "project_count": 925, "fuzzer_count": 4514, "function_count": 1406135, "function_coverage_estimate": 23886.0, "accummulated_lines_total": 65518475, "accummulated_lines_covered": 14138252}, {"date": "2023-09-10", "project_count": 934, "fuzzer_count": 4650, "function_count": 1440452, "function_coverage_estimate": 24264.0, "accummulated_lines_total": 68689856, "accummulated_lines_covered": 14713874}, {"date": "2023-09-11", "project_count": 932, "fuzzer_count": 4768, "function_count": 1412038, "function_coverage_estimate": 23902.0, "accummulated_lines_total": 68071971, "accummulated_lines_covered": 14659572}, {"date": "2023-09-12", "project_count": 935, "fuzzer_count": 4662, "function_count": 1441152, "function_coverage_estimate": 24006.0, "accummulated_lines_total": 69365030, "accummulated_lines_covered": 14716083}, {"date": "2023-09-13", "project_count": 936, "fuzzer_count": 4670, "function_count": 1422639, "function_coverage_estimate": 24354.0, "accummulated_lines_total": 69226233, "accummulated_lines_covered": 14743019}, {"date": "2023-09-14", "project_count": 937, "fuzzer_count": 4810, "function_count": 1381566, "function_coverage_estimate": 24000.0, "accummulated_lines_total": 68348225, "accummulated_lines_covered": 14809225}, {"date": "2023-09-15", "project_count": 936, "fuzzer_count": 4996, "function_count": 1384761, "function_coverage_estimate": 24222.0, "accummulated_lines_total": 65448834, "accummulated_lines_covered": 14758224}, {"date": "2023-09-16", "project_count": 943, "fuzzer_count": 4940, "function_count": 1428832, "function_coverage_estimate": 24134.0, "accummulated_lines_total": 68009560, "accummulated_lines_covered": 14930157}, {"date": "2023-09-17", "project_count": 943, "fuzzer_count": 4944, "function_count": 1412639, "function_coverage_estimate": 23974.0, "accummulated_lines_total": 66838191, "accummulated_lines_covered": 14952229}, {"date": "2023-09-18", "project_count": 952, "fuzzer_count": 4972, "function_count": 1424238, "function_coverage_estimate": 24289.0, "accummulated_lines_total": 70727409, "accummulated_lines_covered": 15030315}, {"date": "2023-09-19", "project_count": 945, "fuzzer_count": 4928, "function_count": 1420000, "function_coverage_estimate": 24370.0, "accummulated_lines_total": 69008034, "accummulated_lines_covered": 14955430}, {"date": "2023-09-20", "project_count": 933, "fuzzer_count": 4658, "function_count": 1407126, "function_coverage_estimate": 24169.0, "accummulated_lines_total": 67223370, "accummulated_lines_covered": 14320430}, {"date": "2023-09-21", "project_count": 937, "fuzzer_count": 4745, "function_count": 1387784, "function_coverage_estimate": 23902.0, "accummulated_lines_total": 69567682, "accummulated_lines_covered": 14649650}, {"date": "2023-09-22", "project_count": 938, "fuzzer_count": 4836, "function_count": 1385162, "function_coverage_estimate": 24070.0, "accummulated_lines_total": 69077699, "accummulated_lines_covered": 14367795}, {"date": "2023-09-23", "project_count": 943, "fuzzer_count": 4888, "function_count": 1421898, "function_coverage_estimate": 24376.0, "accummulated_lines_total": 65994462, "accummulated_lines_covered": 14020968}, {"date": "2023-09-24", "project_count": 931, "fuzzer_count": 4904, "function_count": 1396820, "function_coverage_estimate": 23987.0, "accummulated_lines_total": 69286446, "accummulated_lines_covered": 14058506}, {"date": "2023-09-25", "project_count": 937, "fuzzer_count": 4858, "function_count": 1386013, "function_coverage_estimate": 24100.0, "accummulated_lines_total": 65863931, "accummulated_lines_covered": 14001219}, {"date": "2023-09-26", "project_count": 929, "fuzzer_count": 4886, "function_count": 1350724, "function_coverage_estimate": 23585.0, "accummulated_lines_total": 71043929, "accummulated_lines_covered": 14258315}, {"date": "2023-09-27", "project_count": 912, "fuzzer_count": 4774, "function_count": 1295205, "function_coverage_estimate": 23308.0, "accummulated_lines_total": 63914969, "accummulated_lines_covered": 12549393}, {"date": "2023-09-28", "project_count": 943, "fuzzer_count": 5043, "function_count": 1428231, "function_coverage_estimate": 24141.0, "accummulated_lines_total": 71950853, "accummulated_lines_covered": 14446147}, {"date": "2023-09-29", "project_count": 952, "fuzzer_count": 4894, "function_count": 1448888, "function_coverage_estimate": 24433.0, "accummulated_lines_total": 69671762, "accummulated_lines_covered": 14584772}, {"date": "2023-09-30", "project_count": 953, "fuzzer_count": 4857, "function_count": 1425980, "function_coverage_estimate": 24537.0, "accummulated_lines_total": 71015534, "accummulated_lines_covered": 13925422}, {"date": "2023-10-01", "project_count": 958, "fuzzer_count": 4982, "function_count": 1435566, "function_coverage_estimate": 24630.0, "accummulated_lines_total": 73834741, "accummulated_lines_covered": 14706792}, {"date": "2023-10-02", "project_count": 958, "fuzzer_count": 4981, "function_count": 1423005, "function_coverage_estimate": 24621.0, "accummulated_lines_total": 73635501, "accummulated_lines_covered": 14705900}, {"date": "2023-10-03", "project_count": 951, "fuzzer_count": 4948, "function_count": 1417500, "function_coverage_estimate": 24707.0, "accummulated_lines_total": 71763369, "accummulated_lines_covered": 14373503}, {"date": "2023-10-04", "project_count": 958, "fuzzer_count": 5036, "function_count": 1443010, "function_coverage_estimate": 24503.0, "accummulated_lines_total": 73501628, "accummulated_lines_covered": 15041506}, {"date": "2023-10-05", "project_count": 958, "fuzzer_count": 5038, "function_count": 1427875, "function_coverage_estimate": 24715.0, "accummulated_lines_total": 73307468, "accummulated_lines_covered": 15038398}, {"date": "2023-10-06", "project_count": 950, "fuzzer_count": 5018, "function_count": 1439313, "function_coverage_estimate": 24569.0, "accummulated_lines_total": 73415129, "accummulated_lines_covered": 14943249}, {"date": "2023-10-07", "project_count": 956, "fuzzer_count": 5031, "function_count": 1447024, "function_coverage_estimate": 24726.0, "accummulated_lines_total": 73332807, "accummulated_lines_covered": 15067887}, {"date": "2023-10-08", "project_count": 954, "fuzzer_count": 4889, "function_count": 1437065, "function_coverage_estimate": 24322.0, "accummulated_lines_total": 72775876, "accummulated_lines_covered": 14943308}, {"date": "2023-10-09", "project_count": 956, "fuzzer_count": 5051, "function_count": 1423491, "function_coverage_estimate": 24529.0, "accummulated_lines_total": 73341870, "accummulated_lines_covered": 15105654}, {"date": "2023-10-10", "project_count": 955, "fuzzer_count": 5051, "function_count": 1423433, "function_coverage_estimate": 24590.0, "accummulated_lines_total": 73703257, "accummulated_lines_covered": 14978606}, {"date": "2023-10-11", "project_count": 954, "fuzzer_count": 5003, "function_count": 1385890, "function_coverage_estimate": 24515.0, "accummulated_lines_total": 70542448, "accummulated_lines_covered": 14364851}, {"date": "2023-10-12", "project_count": 953, "fuzzer_count": 5001, "function_count": 1423901, "function_coverage_estimate": 24626.0, "accummulated_lines_total": 70211426, "accummulated_lines_covered": 14397118}, {"date": "2023-10-13", "project_count": 948, "fuzzer_count": 4947, "function_count": 1402791, "function_coverage_estimate": 24418.0, "accummulated_lines_total": 70052723, "accummulated_lines_covered": 14852803}, {"date": "2023-10-14", "project_count": 953, "fuzzer_count": 5008, "function_count": 1396663, "function_coverage_estimate": 24560.0, "accummulated_lines_total": 73313416, "accummulated_lines_covered": 14648432}, {"date": "2023-10-15", "project_count": 952, "fuzzer_count": 4955, "function_count": 1383627, "function_coverage_estimate": 24604.0, "accummulated_lines_total": 69415382, "accummulated_lines_covered": 14574305}, {"date": "2023-10-16", "project_count": 956, "fuzzer_count": 5028, "function_count": 1387358, "function_coverage_estimate": 24500.0, "accummulated_lines_total": 73550876, "accummulated_lines_covered": 14769036}, {"date": "2023-10-17", "project_count": 954, "fuzzer_count": 4816, "function_count": 1419440, "function_coverage_estimate": 24826.0, "accummulated_lines_total": 72805025, "accummulated_lines_covered": 14702229}, {"date": "2023-10-18", "project_count": 970, "fuzzer_count": 4941, "function_count": 1429632, "function_coverage_estimate": 24917.0, "accummulated_lines_total": 78253973, "accummulated_lines_covered": 14972179}, {"date": "2023-10-19", "project_count": 966, "fuzzer_count": 4879, "function_count": 1424205, "function_coverage_estimate": 24560.0, "accummulated_lines_total": 77464111, "accummulated_lines_covered": 14596397}, {"date": "2023-10-20", "project_count": 969, "fuzzer_count": 5074, "function_count": 1417083, "function_coverage_estimate": 24786.0, "accummulated_lines_total": 77690672, "accummulated_lines_covered": 14824824}, {"date": "2023-10-21", "project_count": 961, "fuzzer_count": 4983, "function_count": 1409498, "function_coverage_estimate": 24482.0, "accummulated_lines_total": 73420700, "accummulated_lines_covered": 14688050}, {"date": "2023-10-22", "project_count": 965, "fuzzer_count": 5051, "function_count": 1372656, "function_coverage_estimate": 24736.0, "accummulated_lines_total": 77276043, "accummulated_lines_covered": 14827703}, {"date": "2023-10-23", "project_count": 968, "fuzzer_count": 5083, "function_count": 1409818, "function_coverage_estimate": 24419.0, "accummulated_lines_total": 78584990, "accummulated_lines_covered": 15220925}, {"date": "2023-10-24", "project_count": 967, "fuzzer_count": 5043, "function_count": 1445347, "function_coverage_estimate": 24813.0, "accummulated_lines_total": 78663888, "accummulated_lines_covered": 14995653}, {"date": "2023-10-25", "project_count": 971, "fuzzer_count": 5067, "function_count": 1452630, "function_coverage_estimate": 24946.0, "accummulated_lines_total": 78452494, "accummulated_lines_covered": 14991893}, {"date": "2023-10-26", "project_count": 969, "fuzzer_count": 5091, "function_count": 1437377, "function_coverage_estimate": 24967.0, "accummulated_lines_total": 78072935, "accummulated_lines_covered": 15200721}, {"date": "2023-10-27", "project_count": 963, "fuzzer_count": 5051, "function_count": 1440508, "function_coverage_estimate": 24712.0, "accummulated_lines_total": 75808752, "accummulated_lines_covered": 15063516}, {"date": "2023-10-28", "project_count": 967, "fuzzer_count": 5057, "function_count": 1441491, "function_coverage_estimate": 24915.0, "accummulated_lines_total": 76717915, "accummulated_lines_covered": 14892435}, {"date": "2023-10-29", "project_count": 965, "fuzzer_count": 5032, "function_count": 1434630, "function_coverage_estimate": 24743.0, "accummulated_lines_total": 76868005, "accummulated_lines_covered": 14905496}, {"date": "2023-10-30", "project_count": 966, "fuzzer_count": 4986, "function_count": 1415968, "function_coverage_estimate": 24844.0, "accummulated_lines_total": 73210789, "accummulated_lines_covered": 14999195}, {"date": "2023-10-31", "project_count": 972, "fuzzer_count": 5070, "function_count": 1462354, "function_coverage_estimate": 25218.0, "accummulated_lines_total": 77289250, "accummulated_lines_covered": 15099009}, {"date": "2023-11-01", "project_count": 965, "fuzzer_count": 5066, "function_count": 1437585, "function_coverage_estimate": 24927.0, "accummulated_lines_total": 74440431, "accummulated_lines_covered": 15156633}, {"date": "2023-11-02", "project_count": 970, "fuzzer_count": 5091, "function_count": 1434246, "function_coverage_estimate": 24938.0, "accummulated_lines_total": 74408994, "accummulated_lines_covered": 15295776}, {"date": "2023-11-03", "project_count": 963, "fuzzer_count": 5036, "function_count": 1358160, "function_coverage_estimate": 24864.0, "accummulated_lines_total": 73790887, "accummulated_lines_covered": 14677155}, {"date": "2023-11-04", "project_count": 963, "fuzzer_count": 5054, "function_count": 1136460, "function_coverage_estimate": 19331.0, "accummulated_lines_total": 75551618, "accummulated_lines_covered": 15140623}, {"date": "2023-11-05", "project_count": 967, "fuzzer_count": 5065, "function_count": 1430401, "function_coverage_estimate": 24864.0, "accummulated_lines_total": 75856928, "accummulated_lines_covered": 15309106}, {"date": "2023-11-06", "project_count": 968, "fuzzer_count": 5068, "function_count": 1430272, "function_coverage_estimate": 24894.0, "accummulated_lines_total": 75638704, "accummulated_lines_covered": 15304750}, {"date": "2023-11-07", "project_count": 959, "fuzzer_count": 4942, "function_count": 1424922, "function_coverage_estimate": 24719.0, "accummulated_lines_total": 68182302, "accummulated_lines_covered": 14430043}, {"date": "2023-11-08", "project_count": 956, "fuzzer_count": 4666, "function_count": 1432646, "function_coverage_estimate": 24627.0, "accummulated_lines_total": 64784699, "accummulated_lines_covered": 13340747}, {"date": "2023-11-09", "project_count": 961, "fuzzer_count": 4844, "function_count": 1399243, "function_coverage_estimate": 24690.0, "accummulated_lines_total": 72217820, "accummulated_lines_covered": 14021449}, {"date": "2023-11-10", "project_count": 965, "fuzzer_count": 4990, "function_count": 1442966, "function_coverage_estimate": 24898.0, "accummulated_lines_total": 73426552, "accummulated_lines_covered": 14372662}, {"date": "2023-11-11", "project_count": 958, "fuzzer_count": 4845, "function_count": 1424540, "function_coverage_estimate": 24504.0, "accummulated_lines_total": 73383990, "accummulated_lines_covered": 14219382}, {"date": "2023-11-12", "project_count": 965, "fuzzer_count": 5000, "function_count": 1448365, "function_coverage_estimate": 24904.0, "accummulated_lines_total": 73411145, "accummulated_lines_covered": 14540051}, {"date": "2023-11-13", "project_count": 965, "fuzzer_count": 4874, "function_count": 1411294, "function_coverage_estimate": 24723.0, "accummulated_lines_total": 73463692, "accummulated_lines_covered": 14272733}, {"date": "2023-11-14", "project_count": 963, "fuzzer_count": 4630, "function_count": 1438744, "function_coverage_estimate": 24939.0, "accummulated_lines_total": 71167244, "accummulated_lines_covered": 14071214}, {"date": "2023-11-15", "project_count": 962, "fuzzer_count": 4758, "function_count": 1407999, "function_coverage_estimate": 24833.0, "accummulated_lines_total": 70969444, "accummulated_lines_covered": 14051607}, {"date": "2023-11-16", "project_count": 963, "fuzzer_count": 4965, "function_count": 1399305, "function_coverage_estimate": 24642.0, "accummulated_lines_total": 71565393, "accummulated_lines_covered": 14361371}, {"date": "2023-11-17", "project_count": 959, "fuzzer_count": 4976, "function_count": 1386350, "function_coverage_estimate": 24923.0, "accummulated_lines_total": 70580623, "accummulated_lines_covered": 14403051}, {"date": "2023-11-18", "project_count": 964, "fuzzer_count": 4838, "function_count": 1392860, "function_coverage_estimate": 24807.0, "accummulated_lines_total": 71250262, "accummulated_lines_covered": 14209048}, {"date": "2023-11-19", "project_count": 967, "fuzzer_count": 4902, "function_count": 1436487, "function_coverage_estimate": 24749.0, "accummulated_lines_total": 72372383, "accummulated_lines_covered": 14609195}, {"date": "2023-11-20", "project_count": 965, "fuzzer_count": 4815, "function_count": 1416309, "function_coverage_estimate": 24533.0, "accummulated_lines_total": 68782405, "accummulated_lines_covered": 14536479}, {"date": "2023-11-21", "project_count": 973, "fuzzer_count": 4924, "function_count": 1439578, "function_coverage_estimate": 24837.0, "accummulated_lines_total": 72689190, "accummulated_lines_covered": 14759221}, {"date": "2023-11-22", "project_count": 963, "fuzzer_count": 4905, "function_count": 1417097, "function_coverage_estimate": 24681.0, "accummulated_lines_total": 72598141, "accummulated_lines_covered": 14676870}, {"date": "2023-11-23", "project_count": 970, "fuzzer_count": 4917, "function_count": 1416589, "function_coverage_estimate": 24733.0, "accummulated_lines_total": 72706208, "accummulated_lines_covered": 14707640}, {"date": "2023-11-24", "project_count": 963, "fuzzer_count": 4911, "function_count": 1384226, "function_coverage_estimate": 24590.0, "accummulated_lines_total": 71273439, "accummulated_lines_covered": 14667631}, {"date": "2023-11-25", "project_count": 968, "fuzzer_count": 4940, "function_count": 1374854, "function_coverage_estimate": 24914.0, "accummulated_lines_total": 72078042, "accummulated_lines_covered": 14711668}, {"date": "2023-11-26", "project_count": 965, "fuzzer_count": 4941, "function_count": 1352018, "function_coverage_estimate": 24514.0, "accummulated_lines_total": 71834188, "accummulated_lines_covered": 14689347}, {"date": "2023-11-27", "project_count": 963, "fuzzer_count": 4940, "function_count": 1370182, "function_coverage_estimate": 24831.0, "accummulated_lines_total": 72177993, "accummulated_lines_covered": 14833128}, {"date": "2023-11-28", "project_count": 963, "fuzzer_count": 4923, "function_count": 1348390, "function_coverage_estimate": 24675.0, "accummulated_lines_total": 71069811, "accummulated_lines_covered": 14202966}, {"date": "2023-11-29", "project_count": 959, "fuzzer_count": 4851, "function_count": 1312787, "function_coverage_estimate": 24762.0, "accummulated_lines_total": 65940324, "accummulated_lines_covered": 14159494}, {"date": "2023-11-30", "project_count": 966, "fuzzer_count": 4916, "function_count": 1348788, "function_coverage_estimate": 24688.0, "accummulated_lines_total": 68561463, "accummulated_lines_covered": 14605798}, {"date": "2023-12-01", "project_count": 960, "fuzzer_count": 4898, "function_count": 1361411, "function_coverage_estimate": 24694.0, "accummulated_lines_total": 66849692, "accummulated_lines_covered": 14603589}, {"date": "2023-12-02", "project_count": 967, "fuzzer_count": 4937, "function_count": 1320674, "function_coverage_estimate": 25044.0, "accummulated_lines_total": 67007804, "accummulated_lines_covered": 14617759}, {"date": "2023-12-03", "project_count": 962, "fuzzer_count": 5047, "function_count": 1287219, "function_coverage_estimate": 24831.0, "accummulated_lines_total": 67569989, "accummulated_lines_covered": 14667439}, {"date": "2023-12-04", "project_count": 951, "fuzzer_count": 5052, "function_count": 1309696, "function_coverage_estimate": 24771.0, "accummulated_lines_total": 66071414, "accummulated_lines_covered": 14728481}, {"date": "2023-12-05", "project_count": 957, "fuzzer_count": 4948, "function_count": 1304712, "function_coverage_estimate": 24788.0, "accummulated_lines_total": 70500342, "accummulated_lines_covered": 14316830}, {"date": "2023-12-06", "project_count": 940, "fuzzer_count": 4949, "function_count": 1330871, "function_coverage_estimate": 24318.0, "accummulated_lines_total": 65754357, "accummulated_lines_covered": 13929258}, {"date": "2023-12-07", "project_count": 950, "fuzzer_count": 5022, "function_count": 1323388, "function_coverage_estimate": 24726.0, "accummulated_lines_total": 68466555, "accummulated_lines_covered": 14712895}, {"date": "2023-12-08", "project_count": 943, "fuzzer_count": 5027, "function_count": 1323358, "function_coverage_estimate": 24542.0, "accummulated_lines_total": 65945997, "accummulated_lines_covered": 14711263}, {"date": "2023-12-09", "project_count": 952, "fuzzer_count": 5092, "function_count": 1326248, "function_coverage_estimate": 24719.0, "accummulated_lines_total": 71983295, "accummulated_lines_covered": 15665380}, {"date": "2023-12-10", "project_count": 957, "fuzzer_count": 5120, "function_count": 1352936, "function_coverage_estimate": 25051.0, "accummulated_lines_total": 77502407, "accummulated_lines_covered": 15763092}, {"date": "2023-12-11", "project_count": 954, "fuzzer_count": 5090, "function_count": 1347672, "function_coverage_estimate": 24892.0, "accummulated_lines_total": 77793403, "accummulated_lines_covered": 15893099}, {"date": "2023-12-12", "project_count": 953, "fuzzer_count": 5127, "function_count": 1293033, "function_coverage_estimate": 24813.0, "accummulated_lines_total": 71406702, "accummulated_lines_covered": 14861739}, {"date": "2023-12-13", "project_count": 942, "fuzzer_count": 5086, "function_count": 1303795, "function_coverage_estimate": 24300.0, "accummulated_lines_total": 75118569, "accummulated_lines_covered": 15539953}, {"date": "2023-12-14", "project_count": 950, "fuzzer_count": 5090, "function_count": 1343260, "function_coverage_estimate": 25041.0, "accummulated_lines_total": 74396010, "accummulated_lines_covered": 15874959}, {"date": "2023-12-15", "project_count": 947, "fuzzer_count": 5121, "function_count": 1302225, "function_coverage_estimate": 24100.0, "accummulated_lines_total": 70446111, "accummulated_lines_covered": 14860947}, {"date": "2023-12-16", "project_count": 957, "fuzzer_count": 5072, "function_count": 1327693, "function_coverage_estimate": 25189.0, "accummulated_lines_total": 72783770, "accummulated_lines_covered": 14995541}, {"date": "2023-12-17", "project_count": 954, "fuzzer_count": 5065, "function_count": 1332019, "function_coverage_estimate": 24879.0, "accummulated_lines_total": 71761958, "accummulated_lines_covered": 14634476}, {"date": "2023-12-18", "project_count": 952, "fuzzer_count": 5089, "function_count": 1326852, "function_coverage_estimate": 25013.0, "accummulated_lines_total": 71612784, "accummulated_lines_covered": 14578038}, {"date": "2023-12-19", "project_count": 950, "fuzzer_count": 5136, "function_count": 1304382, "function_coverage_estimate": 24822.0, "accummulated_lines_total": 70261611, "accummulated_lines_covered": 14856138}, {"date": "2023-12-20", "project_count": 953, "fuzzer_count": 5122, "function_count": 1311937, "function_coverage_estimate": 24933.0, "accummulated_lines_total": 71043064, "accummulated_lines_covered": 15047009}, {"date": "2023-12-21", "project_count": 949, "fuzzer_count": 5088, "function_count": 1338486, "function_coverage_estimate": 24922.0, "accummulated_lines_total": 67490676, "accummulated_lines_covered": 14380573}, {"date": "2023-12-22", "project_count": 953, "fuzzer_count": 4913, "function_count": 1322009, "function_coverage_estimate": 25078.0, "accummulated_lines_total": 68768657, "accummulated_lines_covered": 14168124}, {"date": "2023-12-23", "project_count": 954, "fuzzer_count": 5132, "function_count": 1341586, "function_coverage_estimate": 24814.0, "accummulated_lines_total": 72420051, "accummulated_lines_covered": 14921391}, {"date": "2023-12-24", "project_count": 957, "fuzzer_count": 5109, "function_count": 1335808, "function_coverage_estimate": 24841.0, "accummulated_lines_total": 69049655, "accummulated_lines_covered": 14378407}, {"date": "2023-12-25", "project_count": 951, "fuzzer_count": 5101, "function_count": 1337906, "function_coverage_estimate": 25139.0, "accummulated_lines_total": 74984209, "accummulated_lines_covered": 15436430}, {"date": "2023-12-26", "project_count": 959, "fuzzer_count": 5129, "function_count": 1342914, "function_coverage_estimate": 25268.0, "accummulated_lines_total": 69758248, "accummulated_lines_covered": 14576311}, {"date": "2023-12-27", "project_count": 956, "fuzzer_count": 5153, "function_count": 1307075, "function_coverage_estimate": 25018.0, "accummulated_lines_total": 75785449, "accummulated_lines_covered": 15595051}, {"date": "2023-12-28", "project_count": 957, "fuzzer_count": 5167, "function_count": 1334465, "function_coverage_estimate": 25194.0, "accummulated_lines_total": 75953562, "accummulated_lines_covered": 16985557}, {"date": "2023-12-29", "project_count": 949, "fuzzer_count": 4971, "function_count": 1316947, "function_coverage_estimate": 24818.0, "accummulated_lines_total": 74601316, "accummulated_lines_covered": 16577411}, {"date": "2023-12-30", "project_count": 950, "fuzzer_count": 5196, "function_count": 1323105, "function_coverage_estimate": 24903.0, "accummulated_lines_total": 78858130, "accummulated_lines_covered": 17523226}, {"date": "2023-12-31", "project_count": 940, "fuzzer_count": 4958, "function_count": 1266774, "function_coverage_estimate": 24739.0, "accummulated_lines_total": 75498831, "accummulated_lines_covered": 16445175}, {"date": "2024-01-01", "project_count": 940, "fuzzer_count": 4961, "function_count": 1244290, "function_coverage_estimate": 24633.0, "accummulated_lines_total": 75637777, "accummulated_lines_covered": 16498342}, {"date": "2024-01-02", "project_count": 943, "fuzzer_count": 5185, "function_count": 1227137, "function_coverage_estimate": 24885.0, "accummulated_lines_total": 76838668, "accummulated_lines_covered": 17063296}, {"date": "2024-01-03", "project_count": 949, "fuzzer_count": 5222, "function_count": 1321564, "function_coverage_estimate": 24653.0, "accummulated_lines_total": 78452443, "accummulated_lines_covered": 17507316}, {"date": "2024-01-04", "project_count": 946, "fuzzer_count": 5100, "function_count": 1314852, "function_coverage_estimate": 24320.0, "accummulated_lines_total": 78622127, "accummulated_lines_covered": 17727254}, {"date": "2024-01-05", "project_count": 943, "fuzzer_count": 5072, "function_count": 1309587, "function_coverage_estimate": 24176.0, "accummulated_lines_total": 76311911, "accummulated_lines_covered": 17308079}, {"date": "2024-01-06", "project_count": 946, "fuzzer_count": 4970, "function_count": 1229974, "function_coverage_estimate": 24060.0, "accummulated_lines_total": 76484606, "accummulated_lines_covered": 16901850}, {"date": "2024-01-07", "project_count": 942, "fuzzer_count": 4948, "function_count": 1268773, "function_coverage_estimate": 24077.0, "accummulated_lines_total": 75416989, "accummulated_lines_covered": 16698129}, {"date": "2024-01-08", "project_count": 943, "fuzzer_count": 4933, "function_count": 158136, "function_coverage_estimate": 3686.0, "accummulated_lines_total": 71198347, "accummulated_lines_covered": 16544730}, {"date": "2024-01-09", "project_count": 939, "fuzzer_count": 4948, "function_count": 158094, "function_coverage_estimate": 3620.0, "accummulated_lines_total": 72138517, "accummulated_lines_covered": 16199437}, {"date": "2024-01-10", "project_count": 938, "fuzzer_count": 4940, "function_count": 157003, "function_coverage_estimate": 3673.0, "accummulated_lines_total": 71848905, "accummulated_lines_covered": 16048364}, {"date": "2024-01-11", "project_count": 937, "fuzzer_count": 4767, "function_count": 1226090, "function_coverage_estimate": 24320.0, "accummulated_lines_total": 72656108, "accummulated_lines_covered": 15780059}, {"date": "2024-01-12", "project_count": 933, "fuzzer_count": 4817, "function_count": 1226562, "function_coverage_estimate": 23886.0, "accummulated_lines_total": 74040081, "accummulated_lines_covered": 16185130}, {"date": "2024-01-13", "project_count": 937, "fuzzer_count": 4882, "function_count": 1215032, "function_coverage_estimate": 24342.0, "accummulated_lines_total": 74112825, "accummulated_lines_covered": 16225222}, {"date": "2024-01-14", "project_count": 949, "fuzzer_count": 5160, "function_count": 1266728, "function_coverage_estimate": 24305.0, "accummulated_lines_total": 76475818, "accummulated_lines_covered": 16923114}, {"date": "2024-01-15", "project_count": 946, "fuzzer_count": 5002, "function_count": 1295824, "function_coverage_estimate": 24474.0, "accummulated_lines_total": 74002789, "accummulated_lines_covered": 16550744}, {"date": "2024-01-16", "project_count": 933, "fuzzer_count": 4940, "function_count": 1268562, "function_coverage_estimate": 23746.0, "accummulated_lines_total": 72111501, "accummulated_lines_covered": 16371865}, {"date": "2024-01-17", "project_count": 948, "fuzzer_count": 4825, "function_count": 1296383, "function_coverage_estimate": 24348.0, "accummulated_lines_total": 73374279, "accummulated_lines_covered": 16211445}, {"date": "2024-01-18", "project_count": 948, "fuzzer_count": 5086, "function_count": 1317245, "function_coverage_estimate": 24179.0, "accummulated_lines_total": 70268830, "accummulated_lines_covered": 14302534}, {"date": "2024-01-19", "project_count": 937, "fuzzer_count": 4905, "function_count": 1255737, "function_coverage_estimate": 23834.0, "accummulated_lines_total": 67455211, "accummulated_lines_covered": 13981852}, {"date": "2024-01-20", "project_count": 951, "fuzzer_count": 5065, "function_count": 1310169, "function_coverage_estimate": 24315.0, "accummulated_lines_total": 70107714, "accummulated_lines_covered": 14305819}, {"date": "2024-01-21", "project_count": 951, "fuzzer_count": 5050, "function_count": 1323181, "function_coverage_estimate": 24543.0, "accummulated_lines_total": 69915163, "accummulated_lines_covered": 14394687}, {"date": "2024-01-22", "project_count": 915, "fuzzer_count": 4833, "function_count": 1285045, "function_coverage_estimate": 22817.0, "accummulated_lines_total": 64861517, "accummulated_lines_covered": 13536830}, {"date": "2024-01-23", "project_count": 954, "fuzzer_count": 4978, "function_count": 1327031, "function_coverage_estimate": 24426.0, "accummulated_lines_total": 70061612, "accummulated_lines_covered": 14632011}, {"date": "2024-01-24", "project_count": 941, "fuzzer_count": 4678, "function_count": 1264982, "function_coverage_estimate": 24342.0, "accummulated_lines_total": 64547969, "accummulated_lines_covered": 14015595}, {"date": "2024-01-25", "project_count": 957, "fuzzer_count": 5065, "function_count": 1375771, "function_coverage_estimate": 24247.0, "accummulated_lines_total": 67703038, "accummulated_lines_covered": 14687966}, {"date": "2024-01-26", "project_count": 958, "fuzzer_count": 5041, "function_count": 1370595, "function_coverage_estimate": 21493.0, "accummulated_lines_total": 66763239, "accummulated_lines_covered": 14484905}, {"date": "2024-01-27", "project_count": 958, "fuzzer_count": 5072, "function_count": 1339456, "function_coverage_estimate": 21477.0, "accummulated_lines_total": 66187757, "accummulated_lines_covered": 14394035}, {"date": "2024-01-28", "project_count": 957, "fuzzer_count": 5078, "function_count": 1342870, "function_coverage_estimate": 21470.0, "accummulated_lines_total": 66969363, "accummulated_lines_covered": 14704526}, {"date": "2024-01-29", "project_count": 958, "fuzzer_count": 5079, "function_count": 1370067, "function_coverage_estimate": 21756.0, "accummulated_lines_total": 67126804, "accummulated_lines_covered": 14796416}, {"date": "2024-01-30", "project_count": 949, "fuzzer_count": 4832, "function_count": 1374175, "function_coverage_estimate": 21861.0, "accummulated_lines_total": 65622494, "accummulated_lines_covered": 14358359}, {"date": "2024-01-31", "project_count": 968, "fuzzer_count": 5120, "function_count": 1402020, "function_coverage_estimate": 22003.0, "accummulated_lines_total": 72024172, "accummulated_lines_covered": 15014721}, {"date": "2024-02-01", "project_count": 966, "fuzzer_count": 5065, "function_count": 1362488, "function_coverage_estimate": 21853.0, "accummulated_lines_total": 71868740, "accummulated_lines_covered": 14919367}, {"date": "2024-02-02", "project_count": 947, "fuzzer_count": 5010, "function_count": 1325359, "function_coverage_estimate": 21453.0, "accummulated_lines_total": 65083312, "accummulated_lines_covered": 13366998}, {"date": "2024-02-03", "project_count": 957, "fuzzer_count": 5086, "function_count": 1364929, "function_coverage_estimate": 21877.0, "accummulated_lines_total": 71661943, "accummulated_lines_covered": 14862837}, {"date": "2024-02-04", "project_count": 965, "fuzzer_count": 5185, "function_count": 1411096, "function_coverage_estimate": 22162.0, "accummulated_lines_total": 71569058, "accummulated_lines_covered": 14985473}, {"date": "2024-02-05", "project_count": 960, "fuzzer_count": 5105, "function_count": 1375608, "function_coverage_estimate": 21794.0, "accummulated_lines_total": 71478839, "accummulated_lines_covered": 15023830}, {"date": "2024-02-06", "project_count": 950, "fuzzer_count": 5046, "function_count": 1356678, "function_coverage_estimate": 22002.0, "accummulated_lines_total": 68616301, "accummulated_lines_covered": 14474740}, {"date": "2024-02-07", "project_count": 951, "fuzzer_count": 5059, "function_count": 1407845, "function_coverage_estimate": 21949.0, "accummulated_lines_total": 69215403, "accummulated_lines_covered": 14565784}, {"date": "2024-02-08", "project_count": 920, "fuzzer_count": 4839, "function_count": 1361307, "function_coverage_estimate": 21155.0, "accummulated_lines_total": 67007603, "accummulated_lines_covered": 14269280}, {"date": "2024-02-09", "project_count": 946, "fuzzer_count": 5134, "function_count": 1375355, "function_coverage_estimate": 21835.0, "accummulated_lines_total": 70254700, "accummulated_lines_covered": 14759005}, {"date": "2024-02-10", "project_count": 947, "fuzzer_count": 5162, "function_count": 1359504, "function_coverage_estimate": 21626.0, "accummulated_lines_total": 69656848, "accummulated_lines_covered": 15093530}, {"date": "2024-02-11", "project_count": 956, "fuzzer_count": 5177, "function_count": 1315426, "function_coverage_estimate": 21473.0, "accummulated_lines_total": 65650443, "accummulated_lines_covered": 15217123}, {"date": "2024-02-12", "project_count": 952, "fuzzer_count": 5134, "function_count": 1372790, "function_coverage_estimate": 21948.0, "accummulated_lines_total": 69440630, "accummulated_lines_covered": 15178766}, {"date": "2024-02-13", "project_count": 945, "fuzzer_count": 5119, "function_count": 1368905, "function_coverage_estimate": 21523.0, "accummulated_lines_total": 69108075, "accummulated_lines_covered": 15213679}, {"date": "2024-02-14", "project_count": 947, "fuzzer_count": 5170, "function_count": 1364503, "function_coverage_estimate": 21492.0, "accummulated_lines_total": 69759801, "accummulated_lines_covered": 15191711}, {"date": "2024-02-15", "project_count": 950, "fuzzer_count": 5161, "function_count": 1363160, "function_coverage_estimate": 21576.0, "accummulated_lines_total": 69976863, "accummulated_lines_covered": 15257089}, {"date": "2024-02-16", "project_count": 936, "fuzzer_count": 4925, "function_count": 1289315, "function_coverage_estimate": 21220.0, "accummulated_lines_total": 68951365, "accummulated_lines_covered": 14968975}, {"date": "2024-02-17", "project_count": 935, "fuzzer_count": 5097, "function_count": 1301536, "function_coverage_estimate": 21576.0, "accummulated_lines_total": 67702392, "accummulated_lines_covered": 14808798}, {"date": "2024-02-18", "project_count": 943, "fuzzer_count": 5109, "function_count": 1302177, "function_coverage_estimate": 21452.0, "accummulated_lines_total": 68258734, "accummulated_lines_covered": 14939827}, {"date": "2024-02-19", "project_count": 881, "fuzzer_count": 4713, "function_count": 1317789, "function_coverage_estimate": 21134.0, "accummulated_lines_total": 59312525, "accummulated_lines_covered": 13896490}, {"date": "2024-02-20", "project_count": 893, "fuzzer_count": 4911, "function_count": 1355533, "function_coverage_estimate": 21551.0, "accummulated_lines_total": 63001010, "accummulated_lines_covered": 14355033}, {"date": "2024-02-21", "project_count": 896, "fuzzer_count": 4837, "function_count": 1375218, "function_coverage_estimate": 21495.0, "accummulated_lines_total": 62748924, "accummulated_lines_covered": 14027619}, {"date": "2024-02-22", "project_count": 886, "fuzzer_count": 4698, "function_count": 1377864, "function_coverage_estimate": 21668.0, "accummulated_lines_total": 61337080, "accummulated_lines_covered": 13470563}, {"date": "2024-02-23", "project_count": 893, "fuzzer_count": 4828, "function_count": 1349081, "function_coverage_estimate": 21481.0, "accummulated_lines_total": 64724263, "accummulated_lines_covered": 14198167}, {"date": "2024-02-24", "project_count": 850, "fuzzer_count": 4241, "function_count": 1151158, "function_coverage_estimate": 19871.0, "accummulated_lines_total": 56941033, "accummulated_lines_covered": 12611250}, {"date": "2024-02-25", "project_count": 901, "fuzzer_count": 4874, "function_count": 1360199, "function_coverage_estimate": 21785.0, "accummulated_lines_total": 64569053, "accummulated_lines_covered": 14312758}, {"date": "2024-02-26", "project_count": 890, "fuzzer_count": 4696, "function_count": 1330114, "function_coverage_estimate": 21753.0, "accummulated_lines_total": 57042535, "accummulated_lines_covered": 13076917}, {"date": "2024-02-27", "project_count": 899, "fuzzer_count": 4760, "function_count": 1371446, "function_coverage_estimate": 21914.0, "accummulated_lines_total": 56322404, "accummulated_lines_covered": 13471105}, {"date": "2024-02-28", "project_count": 896, "fuzzer_count": 4836, "function_count": 1363024, "function_coverage_estimate": 21986.0, "accummulated_lines_total": 60382158, "accummulated_lines_covered": 14187507}, {"date": "2024-02-29", "project_count": 895, "fuzzer_count": 4840, "function_count": 1331546, "function_coverage_estimate": 21571.0, "accummulated_lines_total": 60820328, "accummulated_lines_covered": 14378318}, {"date": "2024-03-01", "project_count": 890, "fuzzer_count": 4725, "function_count": 972738, "function_coverage_estimate": 20956.0, "accummulated_lines_total": 58700248, "accummulated_lines_covered": 14196825}, {"date": "2024-03-02", "project_count": 897, "fuzzer_count": 4790, "function_count": 1056817, "function_coverage_estimate": 21189.0, "accummulated_lines_total": 60221508, "accummulated_lines_covered": 14578483}, {"date": "2024-03-03", "project_count": 898, "fuzzer_count": 4832, "function_count": 1054462, "function_coverage_estimate": 21057.0, "accummulated_lines_total": 61391066, "accummulated_lines_covered": 14523340}, {"date": "2024-03-04", "project_count": 900, "fuzzer_count": 4836, "function_count": 1007962, "function_coverage_estimate": 20971.0, "accummulated_lines_total": 61287357, "accummulated_lines_covered": 14515756}, {"date": "2024-03-05", "project_count": 898, "fuzzer_count": 4914, "function_count": 1347145, "function_coverage_estimate": 21871.0, "accummulated_lines_total": 61699630, "accummulated_lines_covered": 14636581}, {"date": "2024-03-06", "project_count": 904, "fuzzer_count": 4651, "function_count": 1366299, "function_coverage_estimate": 21942.0, "accummulated_lines_total": 61390162, "accummulated_lines_covered": 14383725}, {"date": "2024-03-07", "project_count": 902, "fuzzer_count": 4930, "function_count": 1330719, "function_coverage_estimate": 21337.0, "accummulated_lines_total": 61725467, "accummulated_lines_covered": 14499070}, {"date": "2024-03-08", "project_count": 898, "fuzzer_count": 4808, "function_count": 1366343, "function_coverage_estimate": 21841.0, "accummulated_lines_total": 61243435, "accummulated_lines_covered": 14397243}, {"date": "2024-03-09", "project_count": 909, "fuzzer_count": 4981, "function_count": 1358615, "function_coverage_estimate": 22180.0, "accummulated_lines_total": 65178369, "accummulated_lines_covered": 14569057}, {"date": "2024-03-10", "project_count": 897, "fuzzer_count": 4907, "function_count": 1342396, "function_coverage_estimate": 21742.0, "accummulated_lines_total": 60303135, "accummulated_lines_covered": 14349268}, {"date": "2024-03-11", "project_count": 899, "fuzzer_count": 4685, "function_count": 1118604, "function_coverage_estimate": 21472.0, "accummulated_lines_total": 58938764, "accummulated_lines_covered": 13901025}]