[{"date": "2023-04-20", "project_count": 323, "fuzzer_count": 1674, "function_count": 793418, "function_coverage_estimate": 14995.0, "accummulated_lines_total": 13921904, "accummulated_lines_covered": 3934842}, {"date": "2023-04-21", "project_count": 321, "fuzzer_count": 1695, "function_count": 756034, "function_coverage_estimate": 15116.0, "accummulated_lines_total": 13861280, "accummulated_lines_covered": 3945707}, {"date": "2023-04-22", "project_count": 317, "fuzzer_count": 1696, "function_count": 792660, "function_coverage_estimate": 14825.0, "accummulated_lines_total": 14235156, "accummulated_lines_covered": 3990619}, {"date": "2023-04-23", "project_count": 322, "fuzzer_count": 1701, "function_count": 792852, "function_coverage_estimate": 15022.0, "accummulated_lines_total": 14240888, "accummulated_lines_covered": 3992139}, {"date": "2023-04-24", "project_count": 314, "fuzzer_count": 1556, "function_count": 778072, "function_coverage_estimate": 14726.0, "accummulated_lines_total": 11626553, "accummulated_lines_covered": 3647911}, {"date": "2023-04-25", "project_count": 318, "fuzzer_count": 1637, "function_count": 774196, "function_coverage_estimate": 14991.0, "accummulated_lines_total": 13604578, "accummulated_lines_covered": 3864276}, {"date": "2023-04-26", "project_count": 300, "fuzzer_count": 1559, "function_count": 745273, "function_coverage_estimate": 14235.0, "accummulated_lines_total": 12667260, "accummulated_lines_covered": 3555412}, {"date": "2023-04-27", "project_count": 322, "fuzzer_count": 1671, "function_count": 774765, "function_coverage_estimate": 15206.0, "accummulated_lines_total": 13981851, "accummulated_lines_covered": 3944887}, {"date": "2023-04-28", "project_count": 323, "fuzzer_count": 1678, "function_count": 797698, "function_coverage_estimate": 14448.0, "accummulated_lines_total": 13972278, "accummulated_lines_covered": 3953403}, {"date": "2023-04-29", "project_count": 323, "fuzzer_count": 1684, "function_count": 799219, "function_coverage_estimate": 14417.0, "accummulated_lines_total": 14021845, "accummulated_lines_covered": 3985576}, {"date": "2023-04-30", "project_count": 323, "fuzzer_count": 1680, "function_count": 784545, "function_coverage_estimate": 14497.0, "accummulated_lines_total": 13831691, "accummulated_lines_covered": 3936975}, {"date": "2023-05-01", "project_count": 323, "fuzzer_count": 1680, "function_count": 799480, "function_coverage_estimate": 14385.0, "accummulated_lines_total": 13934221, "accummulated_lines_covered": 3959078}, {"date": "2023-05-02", "project_count": 325, "fuzzer_count": 1659, "function_count": 801046, "function_coverage_estimate": 14649.0, "accummulated_lines_total": 13840017, "accummulated_lines_covered": 3953674}, {"date": "2023-05-03", "project_count": 325, "fuzzer_count": 1688, "function_count": 810359, "function_coverage_estimate": 14448.0, "accummulated_lines_total": 14153635, "accummulated_lines_covered": 4008009}]