[{"date": "2023-04-20", "project_count": 323, "fuzzer_count": 1674, "function_count": 793418, "function_coverage_estimate": 14995.0, "accummulated_lines_total": 13921904, "accummulated_lines_covered": 3934842}, {"date": "2023-04-21", "project_count": 321, "fuzzer_count": 1695, "function_count": 756034, "function_coverage_estimate": 15116.0, "accummulated_lines_total": 13861280, "accummulated_lines_covered": 3945707}, {"date": "2023-04-22", "project_count": 317, "fuzzer_count": 1696, "function_count": 792660, "function_coverage_estimate": 14825.0, "accummulated_lines_total": 14235156, "accummulated_lines_covered": 3990619}, {"date": "2023-04-23", "project_count": 322, "fuzzer_count": 1701, "function_count": 792852, "function_coverage_estimate": 15022.0, "accummulated_lines_total": 14240888, "accummulated_lines_covered": 3992139}, {"date": "2023-04-24", "project_count": 314, "fuzzer_count": 1556, "function_count": 778072, "function_coverage_estimate": 14726.0, "accummulated_lines_total": 11626553, "accummulated_lines_covered": 3647911}, {"date": "2023-04-25", "project_count": 318, "fuzzer_count": 1637, "function_count": 774196, "function_coverage_estimate": 14991.0, "accummulated_lines_total": 13604578, "accummulated_lines_covered": 3864276}, {"date": "2023-04-26", "project_count": 300, "fuzzer_count": 1559, "function_count": 745273, "function_coverage_estimate": 14235.0, "accummulated_lines_total": 12667260, "accummulated_lines_covered": 3555412}, {"date": "2023-04-27", "project_count": 322, "fuzzer_count": 1671, "function_count": 774765, "function_coverage_estimate": 15206.0, "accummulated_lines_total": 13981851, "accummulated_lines_covered": 3944887}, {"date": "2023-04-28", "project_count": 323, "fuzzer_count": 1678, "function_count": 797698, "function_coverage_estimate": 14448.0, "accummulated_lines_total": 13972278, "accummulated_lines_covered": 3953403}, {"date": "2023-04-29", "project_count": 323, "fuzzer_count": 1684, "function_count": 799219, "function_coverage_estimate": 14417.0, "accummulated_lines_total": 14021845, "accummulated_lines_covered": 3985576}, {"date": "2023-04-30", "project_count": 323, "fuzzer_count": 1680, "function_count": 784545, "function_coverage_estimate": 14497.0, "accummulated_lines_total": 13831691, "accummulated_lines_covered": 3936975}, {"date": "2023-05-01", "project_count": 323, "fuzzer_count": 1680, "function_count": 799480, "function_coverage_estimate": 14385.0, "accummulated_lines_total": 13934221, "accummulated_lines_covered": 3959078}, {"date": "2023-05-02", "project_count": 325, "fuzzer_count": 1659, "function_count": 801046, "function_coverage_estimate": 14649.0, "accummulated_lines_total": 13840017, "accummulated_lines_covered": 3953674}, {"date": "2023-05-03", "project_count": 325, "fuzzer_count": 1688, "function_count": 810359, "function_coverage_estimate": 14448.0, "accummulated_lines_total": 14153635, "accummulated_lines_covered": 4008009}, {"date": "2023-05-04", "project_count": 540, "fuzzer_count": 2026, "function_count": 965682, "function_coverage_estimate": 21283.0, "accummulated_lines_total": 16095879, "accummulated_lines_covered": 4709985}, {"date": "2023-05-05", "project_count": 533, "fuzzer_count": 1977, "function_count": 961807, "function_coverage_estimate": 20802.0, "accummulated_lines_total": 15852862, "accummulated_lines_covered": 4622200}, {"date": "2023-05-06", "project_count": 538, "fuzzer_count": 2038, "function_count": 959381, "function_coverage_estimate": 21365.0, "accummulated_lines_total": 15923670, "accummulated_lines_covered": 4706244}, {"date": "2023-05-07", "project_count": 533, "fuzzer_count": 1889, "function_count": 951002, "function_coverage_estimate": 21044.0, "accummulated_lines_total": 13336765, "accummulated_lines_covered": 4218992}, {"date": "2023-05-08", "project_count": 537, "fuzzer_count": 2020, "function_count": 973501, "function_coverage_estimate": 21012.0, "accummulated_lines_total": 16072105, "accummulated_lines_covered": 4681999}, {"date": "2023-05-09", "project_count": 535, "fuzzer_count": 2008, "function_count": 965221, "function_coverage_estimate": 20914.0, "accummulated_lines_total": 15996032, "accummulated_lines_covered": 4638710}, {"date": "2023-05-10", "project_count": 544, "fuzzer_count": 2036, "function_count": 984172, "function_coverage_estimate": 21382.0, "accummulated_lines_total": 16217237, "accummulated_lines_covered": 4739641}, {"date": "2023-05-11", "project_count": 529, "fuzzer_count": 2038, "function_count": 938622, "function_coverage_estimate": 20705.0, "accummulated_lines_total": 15308462, "accummulated_lines_covered": 4491759}, {"date": "2023-05-12", "project_count": 535, "fuzzer_count": 2023, "function_count": 952427, "function_coverage_estimate": 20954.0, "accummulated_lines_total": 15988816, "accummulated_lines_covered": 4643166}, {"date": "2023-05-13", "project_count": 552, "fuzzer_count": 2056, "function_count": 972675, "function_coverage_estimate": 21531.0, "accummulated_lines_total": 16062710, "accummulated_lines_covered": 4644347}, {"date": "2023-05-14", "project_count": 554, "fuzzer_count": 2068, "function_count": 979677, "function_coverage_estimate": 21706.0, "accummulated_lines_total": 16297592, "accummulated_lines_covered": 4789432}, {"date": "2023-05-15", "project_count": 554, "fuzzer_count": 1958, "function_count": 972117, "function_coverage_estimate": 21803.0, "accummulated_lines_total": 13912138, "accummulated_lines_covered": 4361947}, {"date": "2023-05-16", "project_count": 525, "fuzzer_count": 1959, "function_count": 929131, "function_coverage_estimate": 20517.0, "accummulated_lines_total": 15540643, "accummulated_lines_covered": 4513011}, {"date": "2023-05-17", "project_count": 511, "fuzzer_count": 1839, "function_count": 839200, "function_coverage_estimate": 20214.0, "accummulated_lines_total": 13957254, "accummulated_lines_covered": 4214115}]