[{"date": "2023-04-20", "project_count": 323, "fuzzer_count": 1674, "function_count": 793418, "function_coverage_estimate": 14995.0, "accummulated_lines_total": 13921904, "accummulated_lines_covered": 3934842}, {"date": "2023-04-21", "project_count": 321, "fuzzer_count": 1695, "function_count": 756034, "function_coverage_estimate": 15116.0, "accummulated_lines_total": 13861280, "accummulated_lines_covered": 3945707}, {"date": "2023-04-22", "project_count": 317, "fuzzer_count": 1696, "function_count": 792660, "function_coverage_estimate": 14825.0, "accummulated_lines_total": 14235156, "accummulated_lines_covered": 3990619}, {"date": "2023-04-23", "project_count": 322, "fuzzer_count": 1701, "function_count": 792852, "function_coverage_estimate": 15022.0, "accummulated_lines_total": 14240888, "accummulated_lines_covered": 3992139}]