[{"date": "2023-04-20", "project_count": 323, "fuzzer_count": 1674, "function_count": 793418, "function_coverage_estimate": 14995.0, "accummulated_lines_total": 13921904, "accummulated_lines_covered": 3934842}, {"date": "2023-04-21", "project_count": 321, "fuzzer_count": 1695, "function_count": 756034, "function_coverage_estimate": 15116.0, "accummulated_lines_total": 13861280, "accummulated_lines_covered": 3945707}, {"date": "2023-04-22", "project_count": 317, "fuzzer_count": 1696, "function_count": 792660, "function_coverage_estimate": 14825.0, "accummulated_lines_total": 14235156, "accummulated_lines_covered": 3990619}, {"date": "2023-04-23", "project_count": 322, "fuzzer_count": 1701, "function_count": 792852, "function_coverage_estimate": 15022.0, "accummulated_lines_total": 14240888, "accummulated_lines_covered": 3992139}, {"date": "2023-04-24", "project_count": 314, "fuzzer_count": 1556, "function_count": 778072, "function_coverage_estimate": 14726.0, "accummulated_lines_total": 11626553, "accummulated_lines_covered": 3647911}, {"date": "2023-04-25", "project_count": 318, "fuzzer_count": 1637, "function_count": 774196, "function_coverage_estimate": 14991.0, "accummulated_lines_total": 13604578, "accummulated_lines_covered": 3864276}, {"date": "2023-04-26", "project_count": 300, "fuzzer_count": 1559, "function_count": 745273, "function_coverage_estimate": 14235.0, "accummulated_lines_total": 12667260, "accummulated_lines_covered": 3555412}, {"date": "2023-04-27", "project_count": 322, "fuzzer_count": 1671, "function_count": 774765, "function_coverage_estimate": 15206.0, "accummulated_lines_total": 13981851, "accummulated_lines_covered": 3944887}, {"date": "2023-04-28", "project_count": 323, "fuzzer_count": 1678, "function_count": 797698, "function_coverage_estimate": 14448.0, "accummulated_lines_total": 13972278, "accummulated_lines_covered": 3953403}, {"date": "2023-04-29", "project_count": 323, "fuzzer_count": 1684, "function_count": 799219, "function_coverage_estimate": 14417.0, "accummulated_lines_total": 14021845, "accummulated_lines_covered": 3985576}, {"date": "2023-04-30", "project_count": 323, "fuzzer_count": 1680, "function_count": 784545, "function_coverage_estimate": 14497.0, "accummulated_lines_total": 13831691, "accummulated_lines_covered": 3936975}, {"date": "2023-05-01", "project_count": 323, "fuzzer_count": 1680, "function_count": 799480, "function_coverage_estimate": 14385.0, "accummulated_lines_total": 13934221, "accummulated_lines_covered": 3959078}, {"date": "2023-05-02", "project_count": 325, "fuzzer_count": 1659, "function_count": 801046, "function_coverage_estimate": 14649.0, "accummulated_lines_total": 13840017, "accummulated_lines_covered": 3953674}, {"date": "2023-05-03", "project_count": 325, "fuzzer_count": 1688, "function_count": 810359, "function_coverage_estimate": 14448.0, "accummulated_lines_total": 14153635, "accummulated_lines_covered": 4008009}, {"date": "2023-05-04", "project_count": 540, "fuzzer_count": 2026, "function_count": 965682, "function_coverage_estimate": 21283.0, "accummulated_lines_total": 16095879, "accummulated_lines_covered": 4709985}, {"date": "2023-05-05", "project_count": 533, "fuzzer_count": 1977, "function_count": 961807, "function_coverage_estimate": 20802.0, "accummulated_lines_total": 15852862, "accummulated_lines_covered": 4622200}, {"date": "2023-05-06", "project_count": 538, "fuzzer_count": 2038, "function_count": 959381, "function_coverage_estimate": 21365.0, "accummulated_lines_total": 15923670, "accummulated_lines_covered": 4706244}, {"date": "2023-05-07", "project_count": 533, "fuzzer_count": 1889, "function_count": 951002, "function_coverage_estimate": 21044.0, "accummulated_lines_total": 13336765, "accummulated_lines_covered": 4218992}, {"date": "2023-05-08", "project_count": 537, "fuzzer_count": 2020, "function_count": 973501, "function_coverage_estimate": 21012.0, "accummulated_lines_total": 16072105, "accummulated_lines_covered": 4681999}, {"date": "2023-05-09", "project_count": 535, "fuzzer_count": 2008, "function_count": 965221, "function_coverage_estimate": 20914.0, "accummulated_lines_total": 15996032, "accummulated_lines_covered": 4638710}, {"date": "2023-05-10", "project_count": 544, "fuzzer_count": 2036, "function_count": 984172, "function_coverage_estimate": 21382.0, "accummulated_lines_total": 16217237, "accummulated_lines_covered": 4739641}, {"date": "2023-05-11", "project_count": 529, "fuzzer_count": 2038, "function_count": 938622, "function_coverage_estimate": 20705.0, "accummulated_lines_total": 15308462, "accummulated_lines_covered": 4491759}, {"date": "2023-05-12", "project_count": 535, "fuzzer_count": 2023, "function_count": 952427, "function_coverage_estimate": 20954.0, "accummulated_lines_total": 15988816, "accummulated_lines_covered": 4643166}, {"date": "2023-05-13", "project_count": 552, "fuzzer_count": 2056, "function_count": 972675, "function_coverage_estimate": 21531.0, "accummulated_lines_total": 16062710, "accummulated_lines_covered": 4644347}, {"date": "2023-05-14", "project_count": 554, "fuzzer_count": 2068, "function_count": 979677, "function_coverage_estimate": 21706.0, "accummulated_lines_total": 16297592, "accummulated_lines_covered": 4789432}, {"date": "2023-05-15", "project_count": 554, "fuzzer_count": 1958, "function_count": 972117, "function_coverage_estimate": 21803.0, "accummulated_lines_total": 13912138, "accummulated_lines_covered": 4361947}, {"date": "2023-05-16", "project_count": 525, "fuzzer_count": 1959, "function_count": 929131, "function_coverage_estimate": 20517.0, "accummulated_lines_total": 15540643, "accummulated_lines_covered": 4513011}, {"date": "2023-05-17", "project_count": 511, "fuzzer_count": 1839, "function_count": 839200, "function_coverage_estimate": 20214.0, "accummulated_lines_total": 13957254, "accummulated_lines_covered": 4214115}, {"date": "2023-05-18", "project_count": 539, "fuzzer_count": 2040, "function_count": 960900, "function_coverage_estimate": 21146.0, "accummulated_lines_total": 16246238, "accummulated_lines_covered": 4722188}, {"date": "2023-05-19", "project_count": 556, "fuzzer_count": 2077, "function_count": 988449, "function_coverage_estimate": 21800.0, "accummulated_lines_total": 16552518, "accummulated_lines_covered": 4874375}, {"date": "2023-05-20", "project_count": 555, "fuzzer_count": 2073, "function_count": 996109, "function_coverage_estimate": 21689.0, "accummulated_lines_total": 16536752, "accummulated_lines_covered": 4783272}, {"date": "2023-05-21", "project_count": 557, "fuzzer_count": 2085, "function_count": 1005329, "function_coverage_estimate": 21661.0, "accummulated_lines_total": 16519980, "accummulated_lines_covered": 4792054}, {"date": "2023-05-22", "project_count": 556, "fuzzer_count": 2047, "function_count": 981912, "function_coverage_estimate": 21640.0, "accummulated_lines_total": 16488744, "accummulated_lines_covered": 4760629}, {"date": "2023-05-23", "project_count": 555, "fuzzer_count": 2064, "function_count": 990712, "function_coverage_estimate": 21685.0, "accummulated_lines_total": 16478878, "accummulated_lines_covered": 4771640}, {"date": "2023-05-24", "project_count": 546, "fuzzer_count": 2057, "function_count": 970863, "function_coverage_estimate": 21259.0, "accummulated_lines_total": 16193778, "accummulated_lines_covered": 4717232}, {"date": "2023-05-25", "project_count": 550, "fuzzer_count": 2075, "function_count": 957489, "function_coverage_estimate": 21674.0, "accummulated_lines_total": 16342932, "accummulated_lines_covered": 4765081}, {"date": "2023-05-26", "project_count": 547, "fuzzer_count": 2085, "function_count": 960775, "function_coverage_estimate": 21604.0, "accummulated_lines_total": 16352340, "accummulated_lines_covered": 4788210}, {"date": "2023-05-27", "project_count": 556, "fuzzer_count": 2079, "function_count": 970931, "function_coverage_estimate": 21990.0, "accummulated_lines_total": 16469115, "accummulated_lines_covered": 4844511}, {"date": "2023-05-28", "project_count": 551, "fuzzer_count": 2070, "function_count": 959070, "function_coverage_estimate": 21754.0, "accummulated_lines_total": 16426594, "accummulated_lines_covered": 4837981}, {"date": "2023-05-29", "project_count": 562, "fuzzer_count": 2138, "function_count": 976020, "function_coverage_estimate": 22045.0, "accummulated_lines_total": 16573499, "accummulated_lines_covered": 4865398}, {"date": "2023-05-30", "project_count": 558, "fuzzer_count": 2091, "function_count": 941012, "function_coverage_estimate": 22106.0, "accummulated_lines_total": 16036623, "accummulated_lines_covered": 4770184}, {"date": "2023-05-31", "project_count": 560, "fuzzer_count": 2104, "function_count": 961825, "function_coverage_estimate": 22161.0, "accummulated_lines_total": 16626291, "accummulated_lines_covered": 4858189}, {"date": "2023-06-01", "project_count": 564, "fuzzer_count": 2086, "function_count": 956612, "function_coverage_estimate": 22370.0, "accummulated_lines_total": 16343166, "accummulated_lines_covered": 4756720}, {"date": "2023-06-02", "project_count": 564, "fuzzer_count": 1995, "function_count": 957565, "function_coverage_estimate": 22510.0, "accummulated_lines_total": 13874388, "accummulated_lines_covered": 4339614}, {"date": "2023-06-03", "project_count": 564, "fuzzer_count": 2081, "function_count": 969282, "function_coverage_estimate": 22459.0, "accummulated_lines_total": 16591353, "accummulated_lines_covered": 4881078}, {"date": "2023-06-04", "project_count": 567, "fuzzer_count": 2123, "function_count": 985955, "function_coverage_estimate": 22554.0, "accummulated_lines_total": 16833638, "accummulated_lines_covered": 4990981}, {"date": "2023-06-05", "project_count": 566, "fuzzer_count": 2114, "function_count": 992089, "function_coverage_estimate": 22266.0, "accummulated_lines_total": 16797899, "accummulated_lines_covered": 4919371}, {"date": "2023-06-06", "project_count": 561, "fuzzer_count": 2057, "function_count": 964051, "function_coverage_estimate": 22250.0, "accummulated_lines_total": 16754349, "accummulated_lines_covered": 4874299}, {"date": "2023-06-07", "project_count": 561, "fuzzer_count": 2106, "function_count": 960365, "function_coverage_estimate": 22415.0, "accummulated_lines_total": 16885410, "accummulated_lines_covered": 4926239}, {"date": "2023-06-08", "project_count": 563, "fuzzer_count": 2116, "function_count": 976835, "function_coverage_estimate": 22306.0, "accummulated_lines_total": 17191812, "accummulated_lines_covered": 4986297}, {"date": "2023-06-09", "project_count": 569, "fuzzer_count": 2142, "function_count": 983805, "function_coverage_estimate": 22767.0, "accummulated_lines_total": 17241237, "accummulated_lines_covered": 5008210}, {"date": "2023-06-10", "project_count": 570, "fuzzer_count": 2098, "function_count": 965014, "function_coverage_estimate": 22817.0, "accummulated_lines_total": 16597760, "accummulated_lines_covered": 4796062}, {"date": "2023-06-11", "project_count": 569, "fuzzer_count": 2120, "function_count": 974836, "function_coverage_estimate": 22780.0, "accummulated_lines_total": 17158192, "accummulated_lines_covered": 4985764}, {"date": "2023-06-12", "project_count": 568, "fuzzer_count": 2133, "function_count": 974386, "function_coverage_estimate": 22809.0, "accummulated_lines_total": 17049326, "accummulated_lines_covered": 4953302}, {"date": "2023-06-13", "project_count": 560, "fuzzer_count": 2094, "function_count": 948637, "function_coverage_estimate": 22583.0, "accummulated_lines_total": 16784601, "accummulated_lines_covered": 4920967}, {"date": "2023-06-14", "project_count": 885, "fuzzer_count": 4719, "function_count": 962235, "function_coverage_estimate": 22540.0, "accummulated_lines_total": 52781179, "accummulated_lines_covered": 14070870}, {"date": "2023-06-15", "project_count": 888, "fuzzer_count": 4733, "function_count": 982893, "function_coverage_estimate": 22487.0, "accummulated_lines_total": 52993157, "accummulated_lines_covered": 14123290}, {"date": "2023-06-16", "project_count": 878, "fuzzer_count": 4658, "function_count": 978942, "function_coverage_estimate": 22454.0, "accummulated_lines_total": 51374103, "accummulated_lines_covered": 13365778}, {"date": "2023-06-17", "project_count": 878, "fuzzer_count": 4430, "function_count": 978660, "function_coverage_estimate": 22590.0, "accummulated_lines_total": 46998394, "accummulated_lines_covered": 13271084}, {"date": "2023-06-18", "project_count": 877, "fuzzer_count": 4671, "function_count": 981960, "function_coverage_estimate": 22200.0, "accummulated_lines_total": 51949065, "accummulated_lines_covered": 13698959}, {"date": "2023-06-19", "project_count": 881, "fuzzer_count": 4664, "function_count": 982064, "function_coverage_estimate": 22440.0, "accummulated_lines_total": 51663491, "accummulated_lines_covered": 13401452}, {"date": "2023-06-20", "project_count": 872, "fuzzer_count": 4646, "function_count": 957173, "function_coverage_estimate": 22437.0, "accummulated_lines_total": 51539831, "accummulated_lines_covered": 13434027}, {"date": "2023-06-21", "project_count": 875, "fuzzer_count": 4611, "function_count": 959909, "function_coverage_estimate": 22254.0, "accummulated_lines_total": 48068173, "accummulated_lines_covered": 12780914}, {"date": "2023-06-22", "project_count": 872, "fuzzer_count": 4556, "function_count": 952121, "function_coverage_estimate": 22013.0, "accummulated_lines_total": 48235828, "accummulated_lines_covered": 12738251}, {"date": "2023-06-23", "project_count": 872, "fuzzer_count": 4637, "function_count": 961551, "function_coverage_estimate": 22277.0, "accummulated_lines_total": 50597598, "accummulated_lines_covered": 13159961}, {"date": "2023-06-24", "project_count": 874, "fuzzer_count": 4630, "function_count": 975671, "function_coverage_estimate": 22443.0, "accummulated_lines_total": 47465305, "accummulated_lines_covered": 12526472}, {"date": "2023-06-25", "project_count": 887, "fuzzer_count": 4709, "function_count": 975158, "function_coverage_estimate": 22491.0, "accummulated_lines_total": 52241435, "accummulated_lines_covered": 13702412}, {"date": "2023-06-26", "project_count": 883, "fuzzer_count": 4625, "function_count": 980041, "function_coverage_estimate": 22793.0, "accummulated_lines_total": 47665671, "accummulated_lines_covered": 13395781}, {"date": "2023-06-27", "project_count": 880, "fuzzer_count": 4682, "function_count": 917111, "function_coverage_estimate": 20774.0, "accummulated_lines_total": 48733669, "accummulated_lines_covered": 11839956}, {"date": "2023-06-28", "project_count": 881, "fuzzer_count": 4685, "function_count": 912058, "function_coverage_estimate": 20780.0, "accummulated_lines_total": 49849871, "accummulated_lines_covered": 12209507}, {"date": "2023-06-29", "project_count": 867, "fuzzer_count": 4569, "function_count": 902204, "function_coverage_estimate": 20404.0, "accummulated_lines_total": 45973569, "accummulated_lines_covered": 12967061}, {"date": "2023-06-30", "project_count": 873, "fuzzer_count": 4672, "function_count": 1098608, "function_coverage_estimate": 20994.0, "accummulated_lines_total": 47928960, "accummulated_lines_covered": 13555614}, {"date": "2023-07-01", "project_count": 871, "fuzzer_count": 4439, "function_count": 1091708, "function_coverage_estimate": 20812.0, "accummulated_lines_total": 45205122, "accummulated_lines_covered": 13073506}, {"date": "2023-07-02", "project_count": 871, "fuzzer_count": 4524, "function_count": 1088259, "function_coverage_estimate": 20977.0, "accummulated_lines_total": 47260782, "accummulated_lines_covered": 13374417}, {"date": "2023-07-03", "project_count": 871, "fuzzer_count": 4507, "function_count": 1102020, "function_coverage_estimate": 20774.0, "accummulated_lines_total": 47190501, "accummulated_lines_covered": 13405028}, {"date": "2023-07-04", "project_count": 873, "fuzzer_count": 4479, "function_count": 1099227, "function_coverage_estimate": 21164.0, "accummulated_lines_total": 40624700, "accummulated_lines_covered": 11117581}, {"date": "2023-07-05", "project_count": 874, "fuzzer_count": 4508, "function_count": 1096346, "function_coverage_estimate": 21013.0, "accummulated_lines_total": 46397551, "accummulated_lines_covered": 12979084}, {"date": "2023-07-06", "project_count": 877, "fuzzer_count": 4576, "function_count": 1106179, "function_coverage_estimate": 20891.0, "accummulated_lines_total": 48476733, "accummulated_lines_covered": 13568688}, {"date": "2023-07-07", "project_count": 873, "fuzzer_count": 4621, "function_count": 1170595, "function_coverage_estimate": 22566.0, "accummulated_lines_total": 49073209, "accummulated_lines_covered": 13826797}, {"date": "2023-07-08", "project_count": 868, "fuzzer_count": 4674, "function_count": 1164438, "function_coverage_estimate": 22524.0, "accummulated_lines_total": 53155067, "accummulated_lines_covered": 13839653}, {"date": "2023-07-09", "project_count": 874, "fuzzer_count": 4790, "function_count": 1117767, "function_coverage_estimate": 22707.0, "accummulated_lines_total": 49662829, "accummulated_lines_covered": 13939978}, {"date": "2023-07-10", "project_count": 877, "fuzzer_count": 4840, "function_count": 1157319, "function_coverage_estimate": 22634.0, "accummulated_lines_total": 53803873, "accummulated_lines_covered": 14053022}, {"date": "2023-07-11", "project_count": 875, "fuzzer_count": 4598, "function_count": 1144586, "function_coverage_estimate": 22557.0, "accummulated_lines_total": 51038279, "accummulated_lines_covered": 13215156}, {"date": "2023-07-12", "project_count": 875, "fuzzer_count": 4757, "function_count": 1147445, "function_coverage_estimate": 22380.0, "accummulated_lines_total": 47732521, "accummulated_lines_covered": 13552545}, {"date": "2023-07-13", "project_count": 885, "fuzzer_count": 4772, "function_count": 1170283, "function_coverage_estimate": 23035.0, "accummulated_lines_total": 48135996, "accummulated_lines_covered": 13660765}, {"date": "2023-07-14", "project_count": 883, "fuzzer_count": 4746, "function_count": 1196844, "function_coverage_estimate": 22840.0, "accummulated_lines_total": 48308350, "accummulated_lines_covered": 13690230}, {"date": "2023-07-15", "project_count": 880, "fuzzer_count": 4717, "function_count": 1199996, "function_coverage_estimate": 22847.0, "accummulated_lines_total": 48077986, "accummulated_lines_covered": 13695669}, {"date": "2023-07-16", "project_count": 887, "fuzzer_count": 4744, "function_count": 1172829, "function_coverage_estimate": 23091.0, "accummulated_lines_total": 48241193, "accummulated_lines_covered": 13734254}, {"date": "2023-07-17", "project_count": 886, "fuzzer_count": 4748, "function_count": 1189875, "function_coverage_estimate": 22955.0, "accummulated_lines_total": 48466888, "accummulated_lines_covered": 13791905}, {"date": "2023-07-18", "project_count": 888, "fuzzer_count": 4796, "function_count": 1211257, "function_coverage_estimate": 22967.0, "accummulated_lines_total": 53246788, "accummulated_lines_covered": 14160123}, {"date": "2023-07-19", "project_count": 905, "fuzzer_count": 4853, "function_count": 1185567, "function_coverage_estimate": 23337.0, "accummulated_lines_total": 49757610, "accummulated_lines_covered": 14187625}, {"date": "2023-07-20", "project_count": 907, "fuzzer_count": 4938, "function_count": 1192597, "function_coverage_estimate": 23460.0, "accummulated_lines_total": 51441504, "accummulated_lines_covered": 14603431}, {"date": "2023-07-21", "project_count": 898, "fuzzer_count": 4757, "function_count": 1189176, "function_coverage_estimate": 23278.0, "accummulated_lines_total": 55063263, "accummulated_lines_covered": 14635677}, {"date": "2023-07-22", "project_count": 896, "fuzzer_count": 4709, "function_count": 1185936, "function_coverage_estimate": 23253.0, "accummulated_lines_total": 53483447, "accummulated_lines_covered": 14268785}, {"date": "2023-07-23", "project_count": 901, "fuzzer_count": 4763, "function_count": 1179117, "function_coverage_estimate": 23509.0, "accummulated_lines_total": 54332509, "accummulated_lines_covered": 14446055}, {"date": "2023-07-24", "project_count": 903, "fuzzer_count": 4786, "function_count": 1205471, "function_coverage_estimate": 23433.0, "accummulated_lines_total": 55244736, "accummulated_lines_covered": 14642309}, {"date": "2023-07-25", "project_count": 899, "fuzzer_count": 4767, "function_count": 1188930, "function_coverage_estimate": 23036.0, "accummulated_lines_total": 55246589, "accummulated_lines_covered": 14682260}, {"date": "2023-07-26", "project_count": 903, "fuzzer_count": 4784, "function_count": 1193884, "function_coverage_estimate": 23362.0, "accummulated_lines_total": 55074999, "accummulated_lines_covered": 14644300}, {"date": "2023-07-27", "project_count": 898, "fuzzer_count": 4725, "function_count": 1170417, "function_coverage_estimate": 23128.0, "accummulated_lines_total": 54461857, "accummulated_lines_covered": 14287905}, {"date": "2023-07-28", "project_count": 911, "fuzzer_count": 4797, "function_count": 1205443, "function_coverage_estimate": 23876.0, "accummulated_lines_total": 55447216, "accummulated_lines_covered": 14788403}, {"date": "2023-07-29", "project_count": 908, "fuzzer_count": 4673, "function_count": 1157276, "function_coverage_estimate": 23913.0, "accummulated_lines_total": 53288245, "accummulated_lines_covered": 13868454}, {"date": "2023-07-30", "project_count": 906, "fuzzer_count": 4675, "function_count": 1244898, "function_coverage_estimate": 23729.0, "accummulated_lines_total": 51278310, "accummulated_lines_covered": 14571153}, {"date": "2023-07-31", "project_count": 910, "fuzzer_count": 4741, "function_count": 1207514, "function_coverage_estimate": 23811.0, "accummulated_lines_total": 55458877, "accummulated_lines_covered": 14760072}, {"date": "2023-08-01", "project_count": 905, "fuzzer_count": 4557, "function_count": 1182195, "function_coverage_estimate": 23089.0, "accummulated_lines_total": 69227986, "accummulated_lines_covered": 14075096}, {"date": "2023-08-02", "project_count": 914, "fuzzer_count": 4786, "function_count": 1219696, "function_coverage_estimate": 23543.0, "accummulated_lines_total": 71491805, "accummulated_lines_covered": 14701676}, {"date": "2023-08-03", "project_count": 907, "fuzzer_count": 4694, "function_count": 1193844, "function_coverage_estimate": 23372.0, "accummulated_lines_total": 69154612, "accummulated_lines_covered": 13842263}, {"date": "2023-08-04", "project_count": 913, "fuzzer_count": 4747, "function_count": 1224701, "function_coverage_estimate": 23665.0, "accummulated_lines_total": 67219868, "accummulated_lines_covered": 14439328}, {"date": "2023-08-05", "project_count": 912, "fuzzer_count": 4768, "function_count": 1258016, "function_coverage_estimate": 23526.0, "accummulated_lines_total": 71397382, "accummulated_lines_covered": 14711884}, {"date": "2023-08-06", "project_count": 915, "fuzzer_count": 4773, "function_count": 1244923, "function_coverage_estimate": 23913.0, "accummulated_lines_total": 71372739, "accummulated_lines_covered": 14735803}, {"date": "2023-08-07", "project_count": 910, "fuzzer_count": 4664, "function_count": 1227294, "function_coverage_estimate": 23710.0, "accummulated_lines_total": 67397185, "accummulated_lines_covered": 14612385}, {"date": "2023-08-08", "project_count": 912, "fuzzer_count": 4718, "function_count": 1200019, "function_coverage_estimate": 23745.0, "accummulated_lines_total": 70641144, "accummulated_lines_covered": 14380179}, {"date": "2023-08-09", "project_count": 913, "fuzzer_count": 4702, "function_count": 1209018, "function_coverage_estimate": 23773.0, "accummulated_lines_total": 67509359, "accummulated_lines_covered": 13018766}, {"date": "2023-08-10", "project_count": 927, "fuzzer_count": 4891, "function_count": 1215546, "function_coverage_estimate": 24091.0, "accummulated_lines_total": 72305833, "accummulated_lines_covered": 15002226}, {"date": "2023-08-11", "project_count": 933, "fuzzer_count": 4706, "function_count": 1205316, "function_coverage_estimate": 23742.0, "accummulated_lines_total": 72701860, "accummulated_lines_covered": 14719871}, {"date": "2023-08-12", "project_count": 926, "fuzzer_count": 4697, "function_count": 1220273, "function_coverage_estimate": 23748.0, "accummulated_lines_total": 70631007, "accummulated_lines_covered": 14541564}, {"date": "2023-08-13", "project_count": 933, "fuzzer_count": 4738, "function_count": 1229668, "function_coverage_estimate": 23734.0, "accummulated_lines_total": 68126313, "accummulated_lines_covered": 14747721}, {"date": "2023-08-14", "project_count": 933, "fuzzer_count": 4734, "function_count": 1199050, "function_coverage_estimate": 23841.0, "accummulated_lines_total": 68648729, "accummulated_lines_covered": 14590937}, {"date": "2023-08-15", "project_count": 936, "fuzzer_count": 4676, "function_count": 1183409, "function_coverage_estimate": 23832.0, "accummulated_lines_total": 67929278, "accummulated_lines_covered": 14522541}, {"date": "2023-08-16", "project_count": 936, "fuzzer_count": 4735, "function_count": 1207575, "function_coverage_estimate": 23810.0, "accummulated_lines_total": 70164989, "accummulated_lines_covered": 14610510}, {"date": "2023-08-17", "project_count": 940, "fuzzer_count": 4781, "function_count": 1225310, "function_coverage_estimate": 23816.0, "accummulated_lines_total": 72471252, "accummulated_lines_covered": 14720280}, {"date": "2023-08-18", "project_count": 937, "fuzzer_count": 4689, "function_count": 1187974, "function_coverage_estimate": 24252.0, "accummulated_lines_total": 69386354, "accummulated_lines_covered": 13865173}, {"date": "2023-08-19", "project_count": 935, "fuzzer_count": 4460, "function_count": 1182795, "function_coverage_estimate": 23713.0, "accummulated_lines_total": 69397034, "accummulated_lines_covered": 13873890}, {"date": "2023-08-20", "project_count": 937, "fuzzer_count": 4501, "function_count": 1197801, "function_coverage_estimate": 24083.0, "accummulated_lines_total": 70049947, "accummulated_lines_covered": 13924785}, {"date": "2023-08-21", "project_count": 933, "fuzzer_count": 4418, "function_count": 1220033, "function_coverage_estimate": 24016.0, "accummulated_lines_total": 64992959, "accummulated_lines_covered": 13749524}, {"date": "2023-08-22", "project_count": 930, "fuzzer_count": 4430, "function_count": 1276092, "function_coverage_estimate": 24049.0, "accummulated_lines_total": 66251084, "accummulated_lines_covered": 13594142}, {"date": "2023-08-23", "project_count": 930, "fuzzer_count": 4272, "function_count": 1248002, "function_coverage_estimate": 24068.0, "accummulated_lines_total": 69835726, "accummulated_lines_covered": 13850992}, {"date": "2023-08-24", "project_count": 934, "fuzzer_count": 4665, "function_count": 1290387, "function_coverage_estimate": 23995.0, "accummulated_lines_total": 67789940, "accummulated_lines_covered": 14075650}, {"date": "2023-08-25", "project_count": 936, "fuzzer_count": 4626, "function_count": 1281246, "function_coverage_estimate": 24138.0, "accummulated_lines_total": 67568239, "accummulated_lines_covered": 14057636}, {"date": "2023-08-26", "project_count": 936, "fuzzer_count": 4617, "function_count": 1300052, "function_coverage_estimate": 23956.0, "accummulated_lines_total": 67256701, "accummulated_lines_covered": 13828621}, {"date": "2023-08-27", "project_count": 940, "fuzzer_count": 4649, "function_count": 1274676, "function_coverage_estimate": 23808.0, "accummulated_lines_total": 67484878, "accummulated_lines_covered": 14110302}, {"date": "2023-08-28", "project_count": 931, "fuzzer_count": 4604, "function_count": 1316015, "function_coverage_estimate": 24056.0, "accummulated_lines_total": 67104314, "accummulated_lines_covered": 14197339}, {"date": "2023-08-29", "project_count": 943, "fuzzer_count": 4650, "function_count": 1402185, "function_coverage_estimate": 24219.0, "accummulated_lines_total": 67411751, "accummulated_lines_covered": 14317313}, {"date": "2023-08-30", "project_count": 941, "fuzzer_count": 4685, "function_count": 1422834, "function_coverage_estimate": 24261.0, "accummulated_lines_total": 69495592, "accummulated_lines_covered": 14587237}, {"date": "2023-08-31", "project_count": 943, "fuzzer_count": 4704, "function_count": 1417539, "function_coverage_estimate": 24399.0, "accummulated_lines_total": 69435742, "accummulated_lines_covered": 14707962}, {"date": "2023-09-01", "project_count": 942, "fuzzer_count": 4532, "function_count": 1408920, "function_coverage_estimate": 24424.0, "accummulated_lines_total": 67198759, "accummulated_lines_covered": 14287453}, {"date": "2023-09-02", "project_count": 941, "fuzzer_count": 4614, "function_count": 1436089, "function_coverage_estimate": 24155.0, "accummulated_lines_total": 68829139, "accummulated_lines_covered": 14294136}, {"date": "2023-09-03", "project_count": 941, "fuzzer_count": 4624, "function_count": 1414226, "function_coverage_estimate": 24354.0, "accummulated_lines_total": 68759955, "accummulated_lines_covered": 14326232}, {"date": "2023-09-04", "project_count": 942, "fuzzer_count": 4628, "function_count": 1352523, "function_coverage_estimate": 24319.0, "accummulated_lines_total": 68858132, "accummulated_lines_covered": 14267451}, {"date": "2023-09-05", "project_count": 928, "fuzzer_count": 4578, "function_count": 1292642, "function_coverage_estimate": 23939.0, "accummulated_lines_total": 67605341, "accummulated_lines_covered": 14299855}, {"date": "2023-09-06", "project_count": 941, "fuzzer_count": 4654, "function_count": 1392985, "function_coverage_estimate": 24276.0, "accummulated_lines_total": 68510786, "accummulated_lines_covered": 14568716}, {"date": "2023-09-07", "project_count": 932, "fuzzer_count": 4632, "function_count": 1408252, "function_coverage_estimate": 24119.0, "accummulated_lines_total": 67287190, "accummulated_lines_covered": 14562908}, {"date": "2023-09-08", "project_count": 937, "fuzzer_count": 4636, "function_count": 1431998, "function_coverage_estimate": 24242.0, "accummulated_lines_total": 67377682, "accummulated_lines_covered": 14622835}, {"date": "2023-09-09", "project_count": 925, "fuzzer_count": 4514, "function_count": 1406135, "function_coverage_estimate": 23886.0, "accummulated_lines_total": 65518475, "accummulated_lines_covered": 14138252}, {"date": "2023-09-10", "project_count": 934, "fuzzer_count": 4650, "function_count": 1440452, "function_coverage_estimate": 24264.0, "accummulated_lines_total": 68689856, "accummulated_lines_covered": 14713874}, {"date": "2023-09-11", "project_count": 932, "fuzzer_count": 4768, "function_count": 1412038, "function_coverage_estimate": 23902.0, "accummulated_lines_total": 68071971, "accummulated_lines_covered": 14659572}, {"date": "2023-09-12", "project_count": 935, "fuzzer_count": 4662, "function_count": 1441152, "function_coverage_estimate": 24006.0, "accummulated_lines_total": 69365030, "accummulated_lines_covered": 14716083}, {"date": "2023-09-13", "project_count": 936, "fuzzer_count": 4670, "function_count": 1422639, "function_coverage_estimate": 24354.0, "accummulated_lines_total": 69226233, "accummulated_lines_covered": 14743019}, {"date": "2023-09-14", "project_count": 937, "fuzzer_count": 4810, "function_count": 1381566, "function_coverage_estimate": 24000.0, "accummulated_lines_total": 68348225, "accummulated_lines_covered": 14809225}, {"date": "2023-09-15", "project_count": 936, "fuzzer_count": 4996, "function_count": 1384761, "function_coverage_estimate": 24222.0, "accummulated_lines_total": 65448834, "accummulated_lines_covered": 14758224}, {"date": "2023-09-16", "project_count": 943, "fuzzer_count": 4940, "function_count": 1428832, "function_coverage_estimate": 24134.0, "accummulated_lines_total": 68009560, "accummulated_lines_covered": 14930157}, {"date": "2023-09-17", "project_count": 943, "fuzzer_count": 4944, "function_count": 1412639, "function_coverage_estimate": 23974.0, "accummulated_lines_total": 66838191, "accummulated_lines_covered": 14952229}, {"date": "2023-09-18", "project_count": 952, "fuzzer_count": 4972, "function_count": 1424238, "function_coverage_estimate": 24289.0, "accummulated_lines_total": 70727409, "accummulated_lines_covered": 15030315}, {"date": "2023-09-19", "project_count": 945, "fuzzer_count": 4928, "function_count": 1420000, "function_coverage_estimate": 24370.0, "accummulated_lines_total": 69008034, "accummulated_lines_covered": 14955430}]